-- MySQL dump 10.16  Distrib 10.1.26-MariaDB, for Linux (x86_64)
--
-- Host: db    Database: phd5-1-34
-- ------------------------------------------------------
-- Server version	5.7.19-17

/*!40101 SET @OLD_CHARACTER_SET_CLIENT=@@CHARACTER_SET_CLIENT */;
/*!40101 SET @OLD_CHARACTER_SET_RESULTS=@@CHARACTER_SET_RESULTS */;
/*!40101 SET @OLD_COLLATION_CONNECTION=@@COLLATION_CONNECTION */;
/*!40101 SET NAMES utf8 */;
/*!40103 SET @OLD_TIME_ZONE=@@TIME_ZONE */;
/*!40103 SET TIME_ZONE='+00:00' */;
/*!40014 SET @OLD_FOREIGN_KEY_CHECKS=@@FOREIGN_KEY_CHECKS, FOREIGN_KEY_CHECKS=0 */;
/*!40101 SET @OLD_SQL_MODE=@@SQL_MODE, SQL_MODE='NO_AUTO_VALUE_ON_ZERO' */;
/*!40111 SET @OLD_SQL_NOTES=@@SQL_NOTES, SQL_NOTES=0 */;

--
-- Dumping data for table `app_auth_item`
--

LOCK TABLES `app_auth_item` WRITE; TRUNCATE TABLE `app_auth_item`;
/*!40000 ALTER TABLE `app_auth_item` DISABLE KEYS */;
set autocommit=0;
INSERT INTO `app_auth_item` VALUES ('app',2,'All Application Controllers (without modules) [route]',NULL,NULL,1467315829,1489020665);
INSERT INTO `app_auth_item` VALUES ('app_site',2,'Main Application Controller [route]',NULL,NULL,1463048457,1489020650);
INSERT INTO `app_auth_item` VALUES ('backend',2,'Backend Module [route]',NULL,NULL,1467315450,1489020634);
INSERT INTO `app_auth_item` VALUES ('backend_default_index',2,'Backend Dashboard Controller [route]',NULL,NULL,1485792049,1489020625);
INSERT INTO `app_auth_item` VALUES ('contact_default_index',2,'Contact Form',NULL,NULL,1497883723,1497883723);
INSERT INTO `app_auth_item` VALUES ('docs',2,'Documentation Module Guide [route]',NULL,NULL,1470099425,1489020612);
INSERT INTO `app_auth_item` VALUES ('Editor',1,'CMS Editor',NULL,NULL,1463048457,1489018947);
INSERT INTO `app_auth_item` VALUES ('filefly',2,'FileFly Manager Module [route]',NULL,NULL,1466785441,1489020535);
INSERT INTO `app_auth_item` VALUES ('filefly_api_index',2,'FileFly API Controllers [route]',NULL,NULL,1466785441,1489020557);
INSERT INTO `app_auth_item` VALUES ('filefly_default_index',2,'FileFly Manager Overview Controller [route]',NULL,NULL,1466785441,1489020574);
INSERT INTO `app_auth_item` VALUES ('FileflyAdmin',1,NULL,NULL,NULL,1466785441,1466785441);
INSERT INTO `app_auth_item` VALUES ('FileflyApi',1,NULL,NULL,NULL,1466785441,1466785441);
INSERT INTO `app_auth_item` VALUES ('FileflyDefault',1,NULL,NULL,NULL,1466785441,1466785441);
INSERT INTO `app_auth_item` VALUES ('FileflyPermissions',1,NULL,NULL,NULL,1467242026,1467242026);
INSERT INTO `app_auth_item` VALUES ('FrontendDeveloper',1,'CMS Frontend Developer',NULL,NULL,1489017224,1489018937);
INSERT INTO `app_auth_item` VALUES ('help',2,'Documentation Module Online Help [route]',NULL,NULL,1485794388,1489020594);
INSERT INTO `app_auth_item` VALUES ('Master',1,'Full Backend Access',NULL,NULL,1467314316,1489018957);
INSERT INTO `app_auth_item` VALUES ('pages',2,'Pages Module [route]',NULL,NULL,1463048455,1489020320);
INSERT INTO `app_auth_item` VALUES ('pages_copy',2,'Pages Copy Controller [route]',NULL,NULL,1487694290,1489020343);
INSERT INTO `app_auth_item` VALUES ('pages_default_page',2,'CMS Page View Action [route]',NULL,NULL,1463048457,1489020392);
INSERT INTO `app_auth_item` VALUES ('Preview',1,'Preview Access',NULL,NULL,1467331401,1508422472);
INSERT INTO `app_auth_item` VALUES ('prototype',2,'CMS Prototype Module [route]',NULL,NULL,1463351107,1489020375);
INSERT INTO `app_auth_item` VALUES ('prototype_render_twig',2,'deprecated',NULL,NULL,1463350937,1489020417);
INSERT INTO `app_auth_item` VALUES ('Public',1,'Unauthenticated User',NULL,NULL,1463048457,1508944415);
INSERT INTO `app_auth_item` VALUES ('resque',2,'Resque Job Module [route]',NULL,NULL,1467318093,1489020432);
INSERT INTO `app_auth_item` VALUES ('settings',2,'[route]',NULL,NULL,1467315669,1489020446);
INSERT INTO `app_auth_item` VALUES ('settings-module',2,'Settings Module',NULL,NULL,1467315605,1489020455);
INSERT INTO `app_auth_item` VALUES ('translate-module',2,'Translation Manager Module',NULL,NULL,1467318323,1489020467);
INSERT INTO `app_auth_item` VALUES ('translatemanager',2,'[route]',NULL,NULL,1467318500,1489020477);
INSERT INTO `app_auth_item` VALUES ('user',2,'[route]',NULL,NULL,1467318564,1489020489);
INSERT INTO `app_auth_item` VALUES ('user-module',2,'User Module',NULL,NULL,1467318289,1489020499);
INSERT INTO `app_auth_item` VALUES ('widgets',2,'Module (route; full-access)',NULL,NULL,1464109408,1508923215);
INSERT INTO `app_auth_item` VALUES ('widgets_copy',2,'Widgets Copy',NULL,NULL,1488904468,1488904468);
INSERT INTO `app_auth_item` VALUES ('widgets_crud_api',2,'Widgets CRUD API',NULL,NULL,1497875364,1497875364);
INSERT INTO `app_auth_item` VALUES ('widgets_crud_widget',2,'WIdget content editing',NULL,NULL,1467318867,1467318867);
INSERT INTO `app_auth_item` VALUES ('widgets_crud_widget_copy',2,'Widgets CRUD Content Copy',NULL,NULL,1497875364,1497875364);
INSERT INTO `app_auth_item` VALUES ('widgets_crud_widget_create',2,'Widgets CRUD Content Create',NULL,NULL,1497875364,1497875364);
INSERT INTO `app_auth_item` VALUES ('widgets_crud_widget_delete',2,'Widgets CRUD Content Delete',NULL,NULL,1497875364,1497875364);
INSERT INTO `app_auth_item` VALUES ('widgets_crud_widget_index',2,'Widgets CRUD Content Index',NULL,NULL,1497875364,1497875364);
INSERT INTO `app_auth_item` VALUES ('widgets_crud_widget_update',2,'Widgets CRUD Content Update',NULL,NULL,1497875364,1497875364);
INSERT INTO `app_auth_item` VALUES ('widgets_crud_widget_view',2,'Widgets CRUD Content View',NULL,NULL,1497875364,1497875364);
INSERT INTO `app_auth_item` VALUES ('widgets_crud_widget-template',2,'Widget templates',NULL,NULL,1508923199,1508923199);
INSERT INTO `app_auth_item` VALUES ('widgets_default_index',2,'Widgets Manager',NULL,NULL,1497875364,1497875364);
INSERT INTO `app_auth_item` VALUES ('widgets_test',2,'Widgets TEST Playground',NULL,NULL,1497875364,1497875364);
INSERT INTO `app_auth_item` VALUES ('widgets-cell-edit',2,'Widgets frontend buttons',NULL,NULL,1508912642,1508912642);
/*!40000 ALTER TABLE `app_auth_item` ENABLE KEYS */;
UNLOCK TABLES;
commit;

--
-- Dumping data for table `app_auth_item_child`
--

LOCK TABLES `app_auth_item_child` WRITE; TRUNCATE TABLE `app_auth_item_child`;
/*!40000 ALTER TABLE `app_auth_item_child` DISABLE KEYS */;
set autocommit=0;
INSERT INTO `app_auth_item_child` VALUES ('Master','app');
INSERT INTO `app_auth_item_child` VALUES ('Editor','app_site');
INSERT INTO `app_auth_item_child` VALUES ('Preview','app_site');
INSERT INTO `app_auth_item_child` VALUES ('Master','backend');
INSERT INTO `app_auth_item_child` VALUES ('Editor','backend_default_index');
INSERT INTO `app_auth_item_child` VALUES ('FrontendDeveloper','backend_default_index');
INSERT INTO `app_auth_item_child` VALUES ('Preview','contact_default_index');
INSERT INTO `app_auth_item_child` VALUES ('Editor','docs');
INSERT INTO `app_auth_item_child` VALUES ('Master','docs');
INSERT INTO `app_auth_item_child` VALUES ('FrontendDeveloper','Editor');
INSERT INTO `app_auth_item_child` VALUES ('Master','Editor');
INSERT INTO `app_auth_item_child` VALUES ('Editor','filefly');
INSERT INTO `app_auth_item_child` VALUES ('FileflyAdmin','filefly');
INSERT INTO `app_auth_item_child` VALUES ('Master','filefly');
INSERT INTO `app_auth_item_child` VALUES ('FileflyApi','filefly_api_index');
INSERT INTO `app_auth_item_child` VALUES ('Public','filefly_api_index');
INSERT INTO `app_auth_item_child` VALUES ('FileflyDefault','filefly_default_index');
INSERT INTO `app_auth_item_child` VALUES ('FrontendDeveloper','FileflyApi');
INSERT INTO `app_auth_item_child` VALUES ('Preview','FileflyApi');
INSERT INTO `app_auth_item_child` VALUES ('FileflyAdmin','FileflyPermissions');
INSERT INTO `app_auth_item_child` VALUES ('Editor','help');
INSERT INTO `app_auth_item_child` VALUES ('Editor','pages');
INSERT INTO `app_auth_item_child` VALUES ('FrontendDeveloper','pages');
INSERT INTO `app_auth_item_child` VALUES ('Master','pages');
INSERT INTO `app_auth_item_child` VALUES ('Preview','pages_default_page');
INSERT INTO `app_auth_item_child` VALUES ('Public','Preview');
INSERT INTO `app_auth_item_child` VALUES ('FrontendDeveloper','prototype');
INSERT INTO `app_auth_item_child` VALUES ('Master','prototype');
INSERT INTO `app_auth_item_child` VALUES ('Editor','prototype_render_twig');
INSERT INTO `app_auth_item_child` VALUES ('Editor','Public');
INSERT INTO `app_auth_item_child` VALUES ('FrontendDeveloper','Public');
INSERT INTO `app_auth_item_child` VALUES ('Master','resque');
INSERT INTO `app_auth_item_child` VALUES ('settings-module','settings');
INSERT INTO `app_auth_item_child` VALUES ('FrontendDeveloper','settings-module');
INSERT INTO `app_auth_item_child` VALUES ('Master','settings-module');
INSERT INTO `app_auth_item_child` VALUES ('FrontendDeveloper','translate-module');
INSERT INTO `app_auth_item_child` VALUES ('Master','translate-module');
INSERT INTO `app_auth_item_child` VALUES ('translate-module','translatemanager');
INSERT INTO `app_auth_item_child` VALUES ('user-module','user');
INSERT INTO `app_auth_item_child` VALUES ('Master','user-module');
INSERT INTO `app_auth_item_child` VALUES ('FrontendDeveloper','widgets');
INSERT INTO `app_auth_item_child` VALUES ('Master','widgets');
INSERT INTO `app_auth_item_child` VALUES ('Editor','widgets_crud_widget');
INSERT INTO `app_auth_item_child` VALUES ('widgets','widgets_crud_widget-template');
INSERT INTO `app_auth_item_child` VALUES ('widgets','widgets-cell-edit');
/*!40000 ALTER TABLE `app_auth_item_child` ENABLE KEYS */;
UNLOCK TABLES;
commit;

--
-- Dumping data for table `app_auth_rule`
--

LOCK TABLES `app_auth_rule` WRITE; TRUNCATE TABLE `app_auth_rule`;
/*!40000 ALTER TABLE `app_auth_rule` DISABLE KEYS */;
set autocommit=0;
/*!40000 ALTER TABLE `app_auth_rule` ENABLE KEYS */;
UNLOCK TABLES;
commit;

--
-- Dumping data for table `app_hrzg_widget_content`
--

LOCK TABLES `app_hrzg_widget_content` WRITE; TRUNCATE TABLE `app_hrzg_widget_content`;
/*!40000 ALTER TABLE `app_hrzg_widget_content` DISABLE KEYS */;
set autocommit=0;
INSERT INTO `app_hrzg_widget_content` VALUES (188,'0','58bee1148c61d',3,'{\"subline\":\"mauris eu risus\",\"headline\":\"добро пожаловать\",\"imageSource\":\"/_phd/test.png\"}','app/site/index','','main','a-58c09834','','ru','*','*','*',NULL,NULL,NULL,'2017-02-15 12:01:07','2017-10-16 07:33:58');
INSERT INTO `app_hrzg_widget_content` VALUES (207,'1','58de113fee90a',26,'{\"skin\":\"default\",\"contained\":false,\"image_url\":\"/separator.png\",\"image_seo\":\"Vestibulum tortor quam.\"}','app/site/index','','main','020','','de','*','*','*',NULL,NULL,NULL,'2017-03-31 08:20:15','2017-10-25 09:26:40');
INSERT INTO `app_hrzg_widget_content` VALUES (233,'1','5947c70dd93ea',3,'{\"parallax\":true,\"subline\":\"\",\"headline\":\"\",\"imageSource\":\"/example/example3.jpg\",\"patternSource\":\"\"}','contact/default/done','','first_send_top','a-5947c70d','1','de','*','*','*',NULL,NULL,NULL,'2017-06-19 12:43:57','2017-06-19 12:43:57');
INSERT INTO `app_hrzg_widget_content` VALUES (234,'1','5947c72116cbf',4,'{\"skin\":\"white\",\"text\":\"text-center\",\"ckbox\":true,\"subline\":\"Vielen Dank für Ihre Nachricht!\",\"headline\":\"\",\"blocks\":[]}','contact/default/done','','first_send_main','a-5947c721','1','de','*','*','*',NULL,NULL,NULL,'2017-06-19 12:44:17','2017-06-19 12:44:37');
INSERT INTO `app_hrzg_widget_content` VALUES (235,'1','5947d946858f2',19,'{\"text\":\"text-left\",\"blocks\":[{\"title\":\"Impressum\",\"link\":\"/de/p/impressum-1057.html\",\"link_target\":false},{\"title\":\"Datenschutz\",\"link\":\"/de/p/datenschutz-1058.html\",\"link_target\":false}]}','*','','_footer','010','1','de','*','*','*',NULL,NULL,NULL,'2017-06-19 14:01:42','2017-10-19 14:14:10');
INSERT INTO `app_hrzg_widget_content` VALUES (237,'1','5947de9e71355',4,'{\"skin\":\"inverse\",\"text\":\"text-left\",\"ckbox\":true,\"subline\":\"Write Us\",\"headline\":\"Kontakt & Feedback\",\"blocks\":[]}','contact/default/index','','first_form','a-5947de9e','1','de','*','*','*',NULL,NULL,NULL,'2017-06-19 14:24:30','2017-10-25 09:49:04');
INSERT INTO `app_hrzg_widget_content` VALUES (256,'1','59e8b2253536d',4,'{\"skin\":\"white\",\"text\":\"text-left\",\"ckbox\":true,\"subline\":\"\",\"headline\":\"Impressum\",\"blocks\":[{\"text_html\":\"<p>ADRESSE</p>\\n\\n<p>&nbsp;</p>\\n\\n<p>&nbsp;</p>\\n\\n<p>Konzeption &amp;&nbsp;Umsetzung:<br />\\nherzog kommunikation GmbH<br />\\n<a href=\\\"http://www.herzogkommunikation.de\\\" target=\\\"_blank\\\">www.herzogkommunikation.de</a></p>\\n\",\"button_text\":\"\",\"button_url\":\"\",\"link_target\":true}]}','pages/default/page','1057','main','010','1','de','*','*','*',NULL,NULL,NULL,'2017-10-19 14:09:41','2017-10-19 14:09:41');
INSERT INTO `app_hrzg_widget_content` VALUES (258,'1','59e8b2435dc51',3,'{\"parallax\":true,\"subline\":\"\",\"headline\":\"Impressum\",\"imageSource\":\"/example/example4.jpg\",\"patternSource\":\"/brand/pattern.png\"}','pages/default/page','1057','top','a-59e8b243','1','de','*','*','*',NULL,NULL,NULL,'2017-10-19 14:10:11','2017-10-19 14:10:57');
INSERT INTO `app_hrzg_widget_content` VALUES (259,'1','59e8b25a860db',3,'{\"parallax\":true,\"subline\":\"\",\"headline\":\"Datenschutz\",\"imageSource\":\"/example/example3.jpg\",\"patternSource\":\"/brand/pattern.png\"}','pages/default/page','1058','top','a-59e8b25a','1','de','*','*','*',NULL,NULL,NULL,'2017-10-19 14:10:34','2017-10-19 14:10:44');
INSERT INTO `app_hrzg_widget_content` VALUES (260,'1','59e8b2a3cd9c8',4,'{\"skin\":\"white\",\"text\":\"text-left\",\"ckbox\":true,\"subline\":\"\",\"headline\":\"Datenschutz\",\"blocks\":[{\"text_html\":\"<h3>Datenschutz&nbsp;</h3>\\n\\n<p>Die Betreiber dieser Seiten nehmen den Schutz Ihrer pers&ouml;nlichen Daten sehr ernst. Wir behandeln Ihre personenbezogenen Daten vertraulich und entsprechend der gesetzlichen Datenschutzvorschriften sowie dieser Datenschutzerkl&auml;rung.<br />\\nDie Nutzung unserer Webseite ist in der Regel ohne Angabe personenbezogener Daten m&ouml;glich. Soweit auf unseren Seiten personenbezogene Daten (beispielsweise Name, Anschrift oder E-Mail-Adressen) erhoben werden, erfolgt dies, soweit m&ouml;glich, stets auf freiwilliger Basis. Diese Daten werden ohne Ihre ausdr&uuml;ckliche Zustimmung nicht an Dritte weitergegeben.Wir weisen darauf hin, dass die Daten&uuml;bertragung im Internet (z.B. bei der Kommunikation per E-Mail) Sicherheitsl&uuml;cken aufweisen kann. Ein l&uuml;ckenloser Schutz der Daten vor dem Zugriff durch Dritte ist nicht m&ouml;glich.</p>\\n\\n<h3>&nbsp;<br />\\nRechtswirksamkeit dieses Haftungsausschlusses&nbsp;</h3>\\n\\n<p>Dieser Haftungsausschluss ist als Teil dieser Webseite zu betrachten, von dem aus auf diese Seite verwiesen wurde. Sofern Teile oder einzelne Formulierungen dieses Textes der geltenden Rechtslage nicht, nicht mehr oder nicht vollst&auml;ndig entsprechen sollten, bleiben die &uuml;brigen Teile des Dokumentes in ihrem Inhalt und ihrer G&uuml;ltigkeit davon unber&uuml;hrt.&nbsp;</p>\\n\",\"button_text\":\"\",\"button_url\":\"\",\"link_target\":true}]}','pages/default/page','1058','main','010','1','de','*','*','*',NULL,NULL,NULL,'2017-10-19 14:11:47','2017-10-19 14:11:47');
INSERT INTO `app_hrzg_widget_content` VALUES (265,'1','block-1',4,'{\"skin\":\"white\",\"text\":\"text-center\",\"ckbox\":true,\"subline\":\"Cotton candy pastry sugar plum\",\"headline\":\"Cupcake ipsum\",\"blocks\":[{\"text_html\":\"<p>Cupcake ipsum dolor sit amet cake. Macaroon sweet roll bear claw fruitcake. Bear claw ice cream pie caramels chupa chups muffin. Cake caramels sugar plum croissant chupa chups. Cotton candy oat cake candy canes gummi bears apple pie chocolate bar.</p>\\n\\n<p>Tootsie roll pie marshmallow liquorice gummi bears topping. Powder pie toffee biscuit jujubes cake halvah. Pastry souffl&eacute; drag&eacute;e macaroon cupcake pastry cake cake brownie.</p>\\n\",\"button_text\":\"\",\"button_url\":\"\",\"link_target\":true}]}','app/site/index','','main','010','1','de','*','*','*',NULL,NULL,NULL,'2017-10-19 15:41:02','2017-10-24 14:53:14');
INSERT INTO `app_hrzg_widget_content` VALUES (271,'1','59ed9e62ed95a',3,'{\"parallax\":false,\"subline\":\"subline\",\"headline\":\"headline\",\"imageSource\":\"/header.jpg\",\"image_seo\":\"\",\"patternSource\":\"\"}','app/site/index','','top','a-59ed9e62','1','de','*','*','*',NULL,NULL,NULL,'2017-10-23 07:46:42','2017-10-25 15:28:43');
INSERT INTO `app_hrzg_widget_content` VALUES (272,'1','59ef8de07586f',17,'{\"subline\":\"Subline\",\"headline\":\"Headline\",\"youtube_id\":\"28ji6G5hTRw\",\"imageSource\":\"\"}','pages/default/page','1063','main','a-59ef8de0','1','de','*','*','*',NULL,NULL,NULL,'2017-10-24 19:00:48','2017-10-24 19:01:08');
INSERT INTO `app_hrzg_widget_content` VALUES (273,'1','59ef8e31b48f0',9,'{\"cols\":\"1\",\"skin\":\"default\",\"text\":\"text-left\",\"ckbox\":true,\"blocks\":[{\"icon\":\"500px\",\"title\":\"XXXXX\",\"text_html\":\"<p>Pellentesque habitant morbi tristique senectus et netus et malesuada fames ac turpis egestas. Vestibulum tortor quam, feugiat vitae, ultricies eget, tempor sit amet, ante. Donec eu libero sit amet quam egestas semper. Aenean ultricies mi vitae est. Mauris placerat eleifend leo.</p>\",\"button_text\":\"Button\",\"button_url\":\"\",\"link_target\":true},{\"icon\":\"500px\",\"title\":\"Senectus et netus et malesuada fames ac turpis egestas.\",\"text_html\":\"<p>Pellentesque habitant morbi tristique senectus et netus et malesuada fames ac turpis egestas. Vestibulum tortor quam, feugiat vitae, ultricies eget, tempor sit amet, ante. Donec eu libero sit amet quam egestas semper. Aenean ultricies mi vitae est. Mauris placerat eleifend leo.</p>\",\"button_text\":\"Button\",\"button_url\":\"\",\"link_target\":true},{\"icon\":\"500px\",\"title\":\"Senectus et netus et malesuada fames ac turpis egestas.\",\"text_html\":\"<p>Pellentesque habitant morbi tristique senectus et netus et malesuada fames ac turpis egestas. Vestibulum tortor quam, feugiat vitae, ultricies eget, tempor sit amet, ante. Donec eu libero sit amet quam egestas semper. Aenean ultricies mi vitae est. Mauris placerat eleifend leo.</p>\",\"button_text\":\"Button\",\"button_url\":\"\",\"link_target\":true},{\"icon\":\"500px\",\"title\":\"Senectus et netus et malesuada fames ac turpis egestas.\",\"text_html\":\"<p>Pellentesque habitant morbi tristique senectus et netus et malesuada fames ac turpis egestas. Vestibulum tortor quam, feugiat vitae, ultricies eget, tempor sit amet, ante. Donec eu libero sit amet quam egestas semper. Aenean ultricies mi vitae est. Mauris placerat eleifend leo.</p>\",\"button_text\":\"Button\",\"button_url\":\"\",\"link_target\":true}]}','pages/default/page','1063','main','a-59ef8e31','1','de','*','*','*',NULL,NULL,NULL,'2017-10-24 19:02:09','2017-10-25 05:32:05');
INSERT INTO `app_hrzg_widget_content` VALUES (274,'1','59ef8e74b15fe',26,'{\"skin\":\"default\",\"contained\":false,\"image_url\":\"/example/example4.jpg\",\"image_seo\":\"XXXXX\"}','pages/default/page','1063','main','a-59ef8e74','1','de','*','*','*',NULL,NULL,NULL,'2017-10-24 19:03:16','2017-10-25 05:31:20');
INSERT INTO `app_hrzg_widget_content` VALUES (278,'1','59f032dd85957',9,'{\"cols\":\"1\",\"skin\":\"inverse\",\"text\":\"text-left\",\"ckbox\":true,\"blocks\":[{\"icon\":\"500px\",\"title\":\"Senectus et netus et malesuada fames ac turpis egestas.\",\"text_html\":\"<p>Pellentesque habitant morbi tristique senectus et netus et malesuada fames ac turpis egestas. Vestibulum tortor quam, feugiat vitae, ultricies eget, tempor sit amet, ante. Donec eu libero sit amet quam egestas semper. Aenean ultricies mi vitae est. Mauris placerat eleifend leo.</p>\",\"button_text\":\"Button\",\"button_url\":\"\",\"link_target\":true}]}','pages/default/page','1064','main','a-59f032dd','1','de','*','*','*',NULL,NULL,NULL,'2017-10-25 06:44:45','2017-10-25 07:24:41');
INSERT INTO `app_hrzg_widget_content` VALUES (279,'1','59f03340a6712',24,'{\"skin\":\"default\",\"text\":\"text-left\",\"position\":\"text-on-left\",\"ckbox\":true,\"text_html\":\"<p>Pellentesque habitant morbi tristique senectus et netus et malesuada</p>\",\"button_text\":\"\",\"button_url\":\"\",\"image_url\":\"/test.png\",\"image_seo\":\"Vestibulum tortor quam, feugiat vitae, ultricies eget, tempor sit amet, ante.\"}','pages/default/page','1064','main','a-59f03340','1','de','*','*','*',NULL,NULL,NULL,'2017-10-25 06:46:24','2017-10-25 07:24:59');
INSERT INTO `app_hrzg_widget_content` VALUES (280,'1','59f03c8c02f7c',4,'{\"skin\":\"inverse\",\"text\":\"text-left\",\"ckbox\":true,\"subline\":\"Vestibulum tortor quam, feugiat vitae, ultricies eget, tempor sit amet, ante.\",\"headline\":\"Senectus et netus et malesuada fames ac turpis\",\"blocks\":[{\"text_html\":\"Pellentesque habitant morbi tristique senectus et netus et malesuada\",\"button_text\":\"\",\"button_url\":\"\",\"link_target\":true},{\"text_html\":\"Pellentesque habitant morbi tristique senectus et netus et malesuada\",\"button_text\":\"\",\"button_url\":\"\",\"link_target\":false}]}','pages/default/page','1064','main','a-59f03c8c','3','de','*','*','*',NULL,NULL,NULL,'2017-10-25 07:26:04','2017-10-25 07:28:15');
INSERT INTO `app_hrzg_widget_content` VALUES (281,'1','59f03cd7aa63a',22,'{\"cols\":\"2\",\"skin\":\"default\",\"text\":\"text-center\",\"ckbox\":true,\"subline\":\"Subline\",\"headline\":\"Headline\",\"blocks\":[{\"image_url\":\"/test.png\",\"image_seo\":\"\",\"headline_block\":\"headline block\",\"text_html\":\"<p> Pellentesque habitant morbi tristique ultricies mi vitae est. Mauris placerat eleifend leo.</p>\",\"button_text\":\"\",\"button_url\":\"\",\"link_target\":true},{\"image_url\":\"/test.png\",\"image_seo\":\"\",\"headline_block\":\"headline block\",\"text_html\":\"<p> Pellentesque habitant morbi tristique ultricies mi vitae est. Mauris placerat eleifend leo.</p>\",\"button_text\":\"\",\"button_url\":\"\",\"link_target\":true}]}','pages/default/page','1064','main','a-59f03cd7','3','de','*','*','*',NULL,NULL,NULL,'2017-10-25 07:27:19','2017-10-25 09:04:36');
INSERT INTO `app_hrzg_widget_content` VALUES (282,'1','59f03d702a3d6',9,'{\"cols\":\"3\",\"skin\":\"default\",\"text\":\"text-left\",\"ckbox\":true,\"blocks\":[{\"icon\":\"500px\",\"title\":\"Senectus et netus et malesuada fames ac turpis egestas.\",\"text_html\":\"<p>Pellentesque habitant morbi tristique senectus et netus et malesuada fames ac turpis egestas. Vestibulum tortor quam, feugiat vitae, ultricies eget, tempor sit amet, ante. Donec eu libero sit amet quam egestas semper. Aenean ultricies mi vitae est. Mauris placerat eleifend leo.</p>\",\"button_text\":\"Button\",\"button_url\":\"\",\"link_target\":true},{\"icon\":\"adjust\",\"title\":\"Senectus et netus et malesuada fames ac turpis egestas.\",\"text_html\":\"<p>Pellentesque habitant morbi tristique senectus et netus et malesuada fames ac turpis egestas. Vestibulum tortor quam, feugiat vitae, ultricies eget, tempor sit amet, ante. Donec eu libero sit amet quam egestas semper. Aenean ultricies mi vitae est. Mauris placerat eleifend leo.</p>\",\"button_text\":\"Button\",\"button_url\":\"\",\"link_target\":true},{\"icon\":\"angle-up\",\"title\":\"Senectus et netus et malesuada fames ac turpis egestas.\",\"text_html\":\"<p>Pellentesque habitant morbi tristique senectus et netus et malesuada fames ac turpis egestas. Vestibulum tortor quam, feugiat vitae, ultricies eget, tempor sit amet, ante. Donec eu libero sit amet quam egestas semper. Aenean ultricies mi vitae est. Mauris placerat eleifend leo.</p>\",\"button_text\":\"Button\",\"button_url\":\"\",\"link_target\":true}]}','app/site/index','','main','a-59f03d70','3','de','*','*','*',NULL,NULL,NULL,'2017-10-25 07:29:52','2017-10-25 09:03:01');
INSERT INTO `app_hrzg_widget_content` VALUES (283,'1','59f03e22cfc96',3,'{\"parallax\":false,\"subline\":\"Seite\",\"headline\":\"A\",\"imageSource\":\"/header.png\",\"image_seo\":\"\",\"patternSource\":\"\"}','pages/default/page','1066','main','a-59f03e22','3','de','*','*','*',NULL,NULL,NULL,'2017-10-25 07:32:50','2017-10-25 14:33:26');
INSERT INTO `app_hrzg_widget_content` VALUES (284,'1','59f03e8c30d3a',36,'{\"skin\":\"default\",\"facebook_url\":\"https://www.facebook.com/herzogkommunikation/\",\"xing_url\":\"\",\"instagram_url\":\"\",\"pinterest_url\":\"\",\"linkedin_url\":\"\",\"youtube_url\":\"\",\"twitter_url\":\"https://twitter.com/herzogkom\"}','pages/default/page','1066','main','a-59f03e8c','3','de','*','*','*',NULL,NULL,NULL,'2017-10-25 07:34:36','2017-10-25 07:39:04');
INSERT INTO `app_hrzg_widget_content` VALUES (285,'0','59f0946b91c50',4,'{\"skin\":\"default\",\"text\":\"text-left\",\"ckbox\":true,\"subline\":\"Vestibulum tortor quam, feugiat vitae, ultricies eget, tempor sit amet, ante.\",\"headline\":\"Senectus et netus et malesuada fames ac turpis\",\"blocks\":[]}','pages/default/page','1066','main','a-59f0946b','1','de','*','*','*',NULL,NULL,NULL,'2017-10-25 13:40:59','2017-10-25 13:40:59');
/*!40000 ALTER TABLE `app_hrzg_widget_content` ENABLE KEYS */;
UNLOCK TABLES;
commit;

--
-- Dumping data for table `app_hrzg_widget_template`
--

LOCK TABLES `app_hrzg_widget_template` WRITE; TRUNCATE TABLE `app_hrzg_widget_template`;
/*!40000 ALTER TABLE `app_hrzg_widget_template` DISABLE KEYS */;
set autocommit=0;
INSERT INTO `app_hrzg_widget_template` VALUES (3,'Header - image','hrzg\\widget\\widgets\\TwigTemplate','{\n    \"title\": \"Header Image Widget\",\n    \"type\": \"object\",\n    \"properties\": {\n        \"parallax\": {\n            \"title\": \"Parallax ON\",\n            \"type\": \"boolean\",\n            \"format\": \"checkbox\"\n        },\n        \"subline\": {\n            \"type\": \"string\",\n            \"title\": \"Subline\",\n            \"default\": \"subline\"\n        },\n        \"headline\": {\n            \"type\": \"string\",\n            \"title\": \"Headline\",\n            \"default\": \"headline\"\n        },\n        \"imageSource\": {\n            \"type\": \"string\",\n            \"format\": \"filefly\",\n            \"title\": \"Image URL\",\n            \"default\": \"\\/header.png\"\n        },\n        \"image_seo\": {\n            \"type\": \"string\",\n            \"title\": \"Image Seo\"\n        },\n        \"patternSource\": {\n            \"type\": \"string\",\n            \"format\": \"filefly\",\n            \"title\": \"Pattern URL\"\n        }\n    }\n}','<div class=\"header-image text-center text-on-picture{% if parallax == true %} header-fixed{% endif %}\" \r\n    style=\"background-image: url(/img{{ imageSource }},stream); width: 100%;\" \r\n    alt=\"{{ image_seo }}\">\r\n    <div class=\"pattern\" {% if (patternSource) != \"\" %}style=\"background: url(/filefly/api?action=stream&path={{ patternSource }});\"{% endif %}>\r\n        <div class=\"container\">\r\n            {% if (subline) != \"\" %}\r\n                <h5> {{ subline }} </h5>\r\n            {% endif %} \r\n            {% if (headline) != \"\" %}\r\n                <h1> {{ headline }} </h1>\r\n            {% endif %}    \r\n        </div>    \r\n    </div>\r\n</div>',NULL,'2017-10-25 16:33:02');
INSERT INTO `app_hrzg_widget_template` VALUES (4,'Content - text blocks','hrzg\\widget\\widgets\\TwigTemplate','{\n    \"title\": \"Content with Button Widget\",\n    \"type\": \"object\",\n    \"required\": [\n        \"skin\"\n    ],\n    \"properties\": {\n        \"skin\": {\n            \"propertyOrder\": 10,\n            \"type\": \"string\",\n            \"title\": \"Skin style\",\n            \"enum\": [\n                \"default\",\n                \"inverse\"\n            ]\n        },\n        \"text\": {\n            \"propertyOrder\": 20,\n            \"type\": \"string\",\n            \"title\": \"Text orientation\",\n            \"enum\": [\n                \"text-left\",\n                \"text-center\",\n                \"text-right\"\n            ]\n        },\n        \"ckbox\": {\n            \"propertyOrder\": 30,\n            \"title\": \"Container on\\/off\",\n            \"type\": \"boolean\",\n            \"format\": \"checkbox\",\n            \"default\": true\n        },\n        \"subline\": {\n            \"propertyOrder\": 40,\n            \"type\": \"string\",\n            \"title\": \"Subline\",\n            \"default\": \"Vestibulum tortor quam, feugiat vitae, ultricies eget, tempor sit amet, ante.\"\n        },\n        \"headline\": {\n            \"propertyOrder\": 50,\n            \"type\": \"string\",\n            \"title\": \"Headline\",\n            \"default\": \"Senectus et netus et malesuada fames ac turpis\"\n        },\n        \"blocks\": {\n            \"type\": \"array\",\n            \"format\": \"tabs\",\n            \"title\": \"Text\",\n            \"items\": {\n                \"type\": \"object\",\n                \"title\": \"Paragraph\",\n                \"properties\": {\n                    \"text_html\": {\n                        \"propertyOrder\": 100,\n                        \"type\": \"string\",\n                        \"title\": \"Text\",\n                        \"default\": \"Pellentesque habitant morbi tristique senectus et netus et malesuada\",\n                        \"format\": \"html\",\n                        \"options\": {\n                            \"wysiwyg\": true\n                        }\n                    },\n                    \"button_text\": {\n                        \"propertyOrder\": 200,\n                        \"type\": \"string\",\n                        \"title\": \"Button Text\"\n                    },\n                    \"button_url\": {\n                        \"propertyOrder\": 300,\n                        \"type\": \"string\",\n                        \"title\": \"Link \\/ Mailto \\/ Anchor\",\n                        \"description\": \"Link: http:\\/\\/www.example.com \\/ Mailto: mailto:mail@info.com \\/ Anchor: #widget-NameID_de\"\n                    },\n                    \"link_target\": {\n                        \"propertyOrder\": 400,\n                        \"type\": \"boolean\",\n                        \"format\": \"checkbox\",\n                        \"title\": \"Open in new window\",\n                        \"default\": true\n                    }\n                }\n            }\n        }\n    }\n}','<div class=\"widget-content bg-{{ skin }} {{ text }}\">\r\n    {% if ckbox == true %}\r\n    <div class=\"container\">\r\n        <div class=\"row\">\r\n            <div class=\"col-xs-12 col-lg-12\">\r\n    {% else %}\r\n        <div class=\"no-container\">\r\n            <div>\r\n    {% endif %} \r\n                    \r\n        {% if (subline) != \"\" %}\r\n            <h3>{{ subline }}</h3>\r\n        {% endif %}    \r\n                        \r\n        {% if (headline) != \"\" %}\r\n            <h2>{{ headline }}</h2>\r\n        {% endif %}\r\n                    \r\n        {% for block in  blocks %}\r\n                    \r\n            {% if (block.text_html) != \"\" %}\r\n                <p>\r\n                    {{ block.text_html|raw }}\r\n                </p>\r\n            {% endif %}\r\n            \r\n            {% if (block.button_text) != \"\" %}\r\n                <p>\r\n                    {% if block.link_target == true %}\r\n                        <a href=\"{{block.button_url}}\" target=\"_blank\" class=\"btn btn-primary btn-{{ skin }}\">{{block.button_text}}</a>\r\n                    {% else %}\r\n                        <a href=\"{{block.button_url}}\" target=\"_self\" class=\"btn btn-primary btn-{{ skin }}\">{{block.button_text}}</a>\r\n                    {% endif %} \r\n                </p>\r\n            {% endif %}\r\n                        \r\n        {% endfor %}\r\n            </div>\r\n        </div>\r\n    </div>\r\n</div>\r\n',NULL,'2017-10-24 19:09:18');
INSERT INTO `app_hrzg_widget_template` VALUES (9,'Content - blocks with icon (1-6)','hrzg\\widget\\widgets\\TwigTemplate','{\n    \"title\": \"Content Icon blocks Widget\",\n    \"type\": \"object\",\n    \"required\": [\n        \"skin\"\n    ],\n    \"properties\": {\n        \"cols\": {\n            \"propertyOrder\": 10,\n            \"type\": \"string\",\n            \"title\": \"Blocks per row\",\n            \"description\": \"Set the max. amount of cards per row.\",\n            \"enum\": [\n                \"1\",\n                \"2\",\n                \"3\",\n                \"4\",\n                \"6\"\n            ],\n            \"default\": \"1\"\n        },\n        \"skin\": {\n            \"propertyOrder\": 20,\n            \"type\": \"string\",\n            \"title\": \"Skin style\",\n            \"enum\": [\n                \"default\",\n                \"inverse\"\n            ]\n        },\n        \"text\": {\n            \"type\": \"string\",\n            \"title\": \"Text orientation\",\n            \"enum\": [\n                \"text-left\",\n                \"text-center\",\n                \"text-right\"\n            ]\n        },\n        \"ckbox\": {\n            \"propertyOrder\": 30,\n            \"title\": \"Container on\\/off\",\n            \"type\": \"boolean\",\n            \"format\": \"checkbox\",\n            \"default\": true\n        },\n        \"blocks\": {\n            \"type\": \"array\",\n            \"format\": \"tabs\",\n            \"title\": \"Iconblock\",\n            \"items\": {\n                \"type\": \"object\",\n                \"title\": \"Iconblock\",\n                \"properties\": {\n                    \"icon\": {\n                        \"propertyOrder\": 100,\n                        \"type\": \"string\",\n                        \"title\": \"Icon\",\n                        \"enum\": [\n                            \"500px\",\n                            \"adjust\",\n                            \"adn\",\n                            \"align-center\",\n                            \"align-justify\",\n                            \"align-left\",\n                            \"align-right\",\n                            \"amazon\",\n                            \"ambulance\",\n                            \"anchor\",\n                            \"android\",\n                            \"angellist\",\n                            \"angle-double-down\",\n                            \"angle-double-left\",\n                            \"angle-double-right\",\n                            \"angle-double-up\",\n                            \"angle-down\",\n                            \"angle-left\",\n                            \"angle-right\",\n                            \"angle-up\",\n                            \"apple\",\n                            \"archive\",\n                            \"area-chart\",\n                            \"arrow-circle-down\",\n                            \"arrow-circle-left\",\n                            \"arrow-circle-o-down\",\n                            \"arrow-circle-o-left\",\n                            \"arrow-circle-o-right\",\n                            \"arrow-circle-o-up\",\n                            \"arrow-circle-right\",\n                            \"arrow-circle-up\",\n                            \"arrow-down\",\n                            \"arrow-left\",\n                            \"arrow-right\",\n                            \"arrow-up\",\n                            \"arrows\",\n                            \"arrows-alt\",\n                            \"arrows-h\",\n                            \"arrows-v\",\n                            \"asterisk\",\n                            \"at\",\n                            \"automobile\",\n                            \"backward\",\n                            \"balance-scale\",\n                            \"ban\",\n                            \"bank\",\n                            \"bar-chart\",\n                            \"bar-chart-o\",\n                            \"barcode\",\n                            \"bars\",\n                            \"battery-0\",\n                            \"battery-1\",\n                            \"battery-2\",\n                            \"battery-3\",\n                            \"battery-4\",\n                            \"battery-empty\",\n                            \"battery-full\",\n                            \"battery-half\",\n                            \"battery-quarter\",\n                            \"battery-three-quarters\",\n                            \"bed\",\n                            \"beer\",\n                            \"behance\",\n                            \"behance-square\",\n                            \"bell\",\n                            \"bell-o\",\n                            \"bell-slash\",\n                            \"bell-slash-o\",\n                            \"bicycle\",\n                            \"binoculars\",\n                            \"birthday-cake\",\n                            \"bitbucket\",\n                            \"bitbucket-square\",\n                            \"bitcoin\",\n                            \"black-tie\",\n                            \"bluetooth\",\n                            \"bluetooth-b\",\n                            \"bold\",\n                            \"bolt\",\n                            \"bomb\",\n                            \"book\",\n                            \"bookmark\",\n                            \"bookmark-o\",\n                            \"briefcase\",\n                            \"btc\",\n                            \"bug\",\n                            \"building\",\n                            \"building-o\",\n                            \"bullhorn\",\n                            \"bullseye\",\n                            \"bus\",\n                            \"buysellads\",\n                            \"cab\",\n                            \"calculator\",\n                            \"calendar\",\n                            \"calendar-check-o\",\n                            \"calendar-minus-o\",\n                            \"calendar-o\",\n                            \"calendar-plus-o\",\n                            \"calendar-times-o\",\n                            \"camera\",\n                            \"camera-retro\",\n                            \"car\",\n                            \"caret-down\",\n                            \"caret-left\",\n                            \"caret-right\",\n                            \"caret-square-o-down\",\n                            \"caret-square-o-left\",\n                            \"caret-square-o-right\",\n                            \"caret-square-o-up\",\n                            \"caret-up\",\n                            \"cart-arrow-down\",\n                            \"cart-plus\",\n                            \"cc\",\n                            \"cc-amex\",\n                            \"cc-diners-club\",\n                            \"cc-discover\",\n                            \"cc-jcb\",\n                            \"cc-mastercard\",\n                            \"cc-paypal\",\n                            \"cc-stripe\",\n                            \"cc-visa\",\n                            \"certificate\",\n                            \"chain\",\n                            \"chain-broken\",\n                            \"check\",\n                            \"check-circle\",\n                            \"check-circle-o\",\n                            \"check-square\",\n                            \"check-square-o\",\n                            \"chevron-circle-down\",\n                            \"chevron-circle-left\",\n                            \"chevron-circle-right\",\n                            \"chevron-circle-up\",\n                            \"chevron-down\",\n                            \"chevron-left\",\n                            \"chevron-right\",\n                            \"chevron-up\",\n                            \"child\",\n                            \"chrome\",\n                            \"circle\",\n                            \"circle-o\",\n                            \"circle-o-notch\",\n                            \"circle-thin\",\n                            \"clipboard\",\n                            \"clock-o\",\n                            \"clone\",\n                            \"close\",\n                            \"cloud\",\n                            \"cloud-download\",\n                            \"cloud-upload\",\n                            \"cny\",\n                            \"code\",\n                            \"code-fork\",\n                            \"codepen\",\n                            \"codiepie\",\n                            \"coffee\",\n                            \"cog\",\n                            \"cogs\",\n                            \"columns\",\n                            \"comment\",\n                            \"comment-o\",\n                            \"commenting\",\n                            \"commenting-o\",\n                            \"comments\",\n                            \"comments-o\",\n                            \"compass\",\n                            \"compress\",\n                            \"connectdevelop\",\n                            \"contao\",\n                            \"copy\",\n                            \"copyright\",\n                            \"creative-commons\",\n                            \"credit-card\",\n                            \"credit-card-alt\",\n                            \"crop\",\n                            \"crosshairs\",\n                            \"css3\",\n                            \"cube\",\n                            \"cubes\",\n                            \"cut\",\n                            \"cutlery\",\n                            \"dashboard\",\n                            \"dashcube\",\n                            \"database\",\n                            \"dedent\",\n                            \"delicious\",\n                            \"desktop\",\n                            \"deviantart\",\n                            \"diamond\",\n                            \"digg\",\n                            \"dollar\",\n                            \"dot-circle-o\",\n                            \"download\",\n                            \"dribbble\",\n                            \"dropbox\",\n                            \"drupal\",\n                            \"edge\",\n                            \"edit\",\n                            \"eject\",\n                            \"ellipsis-h\",\n                            \"ellipsis-v\",\n                            \"empire\",\n                            \"envelope\",\n                            \"envelope-o\",\n                            \"envelope-square\",\n                            \"eraser\",\n                            \"eur\",\n                            \"euro\",\n                            \"exchange\",\n                            \"exclamation\",\n                            \"exclamation-circle\",\n                            \"exclamation-triangle\",\n                            \"expand\",\n                            \"expeditedssl\",\n                            \"external-link\",\n                            \"external-link-square\",\n                            \"eye\",\n                            \"eye-slash\",\n                            \"eyedropper\",\n                            \"facebook\",\n                            \"facebook-f\",\n                            \"facebook-official\",\n                            \"facebook-square\",\n                            \"fast-backward\",\n                            \"fast-forward\",\n                            \"fax\",\n                            \"feed\",\n                            \"female\",\n                            \"fighter-jet\",\n                            \"file\",\n                            \"file-archive-o\",\n                            \"file-audio-o\",\n                            \"file-code-o\",\n                            \"file-excel-o\",\n                            \"file-image-o\",\n                            \"file-movie-o\",\n                            \"file-o\",\n                            \"file-pdf-o\",\n                            \"file-photo-o\",\n                            \"file-picture-o\",\n                            \"file-powerpoint-o\",\n                            \"file-sound-o\",\n                            \"file-text\",\n                            \"file-text-o\",\n                            \"file-video-o\",\n                            \"file-word-o\",\n                            \"file-zip-o\",\n                            \"files-o\",\n                            \"film\",\n                            \"filter\",\n                            \"fire\",\n                            \"fire-extinguisher\",\n                            \"firefox\",\n                            \"flag\",\n                            \"flag-checkered\",\n                            \"flag-o\",\n                            \"flash\",\n                            \"flask\",\n                            \"flickr\",\n                            \"floppy-o\",\n                            \"folder\",\n                            \"folder-o\",\n                            \"folder-open\",\n                            \"folder-open-o\",\n                            \"font\",\n                            \"fonticons\",\n                            \"fort-awesome\",\n                            \"forumbee\",\n                            \"forward\",\n                            \"foursquare\",\n                            \"frown-o\",\n                            \"futbol-o\",\n                            \"gamepad\",\n                            \"gavel\",\n                            \"gbp\",\n                            \"ge\",\n                            \"gear\",\n                            \"gears\",\n                            \"genderless\",\n                            \"get-pocket\",\n                            \"gg\",\n                            \"gg-circle\",\n                            \"gift\",\n                            \"git\",\n                            \"git-square\",\n                            \"github\",\n                            \"github-alt\",\n                            \"github-square\",\n                            \"gittip\",\n                            \"glass\",\n                            \"globe\",\n                            \"google\",\n                            \"google-plus\",\n                            \"google-plus-square\",\n                            \"google-wallet\",\n                            \"graduation-cap\",\n                            \"gratipay\",\n                            \"group\",\n                            \"h-square\",\n                            \"hacker-news\",\n                            \"hand-grab-o\",\n                            \"hand-lizard-o\",\n                            \"hand-o-down\",\n                            \"hand-o-left\",\n                            \"hand-o-right\",\n                            \"hand-o-up\",\n                            \"hand-paper-o\",\n                            \"hand-peace-o\",\n                            \"hand-pointer-o\",\n                            \"hand-rock-o\",\n                            \"hand-scissors-o\",\n                            \"hand-spock-o\",\n                            \"hand-stop-o\",\n                            \"hashtag\",\n                            \"hdd-o\",\n                            \"header\",\n                            \"headphones\",\n                            \"heart\",\n                            \"heart-o\",\n                            \"heartbeat\",\n                            \"history\",\n                            \"home\",\n                            \"hospital-o\",\n                            \"hotel\",\n                            \"hourglass\",\n                            \"hourglass-1\",\n                            \"hourglass-2\",\n                            \"hourglass-3\",\n                            \"hourglass-end\",\n                            \"hourglass-half\",\n                            \"hourglass-o\",\n                            \"hourglass-start\",\n                            \"houzz\",\n                            \"html5\",\n                            \"i-cursor\",\n                            \"ils\",\n                            \"image\",\n                            \"inbox\",\n                            \"indent\",\n                            \"industry\",\n                            \"info\",\n                            \"info-circle\",\n                            \"inr\",\n                            \"instagram\",\n                            \"institution\",\n                            \"internet-explorer\",\n                            \"intersex\",\n                            \"ioxhost\",\n                            \"italic\",\n                            \"joomla\",\n                            \"jpy\",\n                            \"jsfiddle\",\n                            \"key\",\n                            \"keyboard-o\",\n                            \"krw\",\n                            \"language\",\n                            \"laptop\",\n                            \"lastfm\",\n                            \"lastfm-square\",\n                            \"leaf\",\n                            \"leanpub\",\n                            \"legal\",\n                            \"lemon-o\",\n                            \"level-down\",\n                            \"level-up\",\n                            \"life-bouy\",\n                            \"life-buoy\",\n                            \"life-ring\",\n                            \"life-saver\",\n                            \"lightbulb-o\",\n                            \"line-chart\",\n                            \"link\",\n                            \"linkedin\",\n                            \"linkedin-square\",\n                            \"linux\",\n                            \"list\",\n                            \"list-alt\",\n                            \"list-ol\",\n                            \"list-ul\",\n                            \"location-arrow\",\n                            \"lock\",\n                            \"long-arrow-down\",\n                            \"long-arrow-left\",\n                            \"long-arrow-right\",\n                            \"long-arrow-up\",\n                            \"magic\",\n                            \"magnet\",\n                            \"mail-forward\",\n                            \"mail-reply\",\n                            \"mail-reply-all\",\n                            \"male\",\n                            \"map\",\n                            \"map-marker\",\n                            \"map-o\",\n                            \"map-pin\",\n                            \"map-signs\",\n                            \"mars\",\n                            \"mars-double\",\n                            \"mars-stroke\",\n                            \"mars-stroke-h\",\n                            \"mars-stroke-v\",\n                            \"maxcdn\",\n                            \"meanpath\",\n                            \"medium\",\n                            \"medkit\",\n                            \"meh-o\",\n                            \"mercury\",\n                            \"microphone\",\n                            \"microphone-slash\",\n                            \"minus\",\n                            \"minus-circle\",\n                            \"minus-square\",\n                            \"minus-square-o\",\n                            \"mixcloud\",\n                            \"mobile\",\n                            \"mobile-phone\",\n                            \"modx\",\n                            \"money\",\n                            \"moon-o\",\n                            \"mortar-board\",\n                            \"motorcycle\",\n                            \"mouse-pointer\",\n                            \"music\",\n                            \"navicon\",\n                            \"neuter\",\n                            \"newspaper-o\",\n                            \"object-group\",\n                            \"object-ungroup\",\n                            \"odnoklassniki\",\n                            \"odnoklassniki-square\",\n                            \"opencart\",\n                            \"openid\",\n                            \"opera\",\n                            \"optin-monster\",\n                            \"outdent\",\n                            \"pagelines\",\n                            \"paint-brush\",\n                            \"paper-plane\",\n                            \"paper-plane-o\",\n                            \"paperclip\",\n                            \"paragraph\",\n                            \"paste\",\n                            \"pause\",\n                            \"pause-circle\",\n                            \"pause-circle-o\",\n                            \"paw\",\n                            \"paypal\",\n                            \"pencil\",\n                            \"pencil-square\",\n                            \"pencil-square-o\",\n                            \"percent\",\n                            \"phone\",\n                            \"phone-square\",\n                            \"photo\",\n                            \"picture-o\",\n                            \"pie-chart\",\n                            \"pied-piper\",\n                            \"pied-piper-alt\",\n                            \"pinterest\",\n                            \"pinterest-p\",\n                            \"pinterest-square\",\n                            \"plane\",\n                            \"play\",\n                            \"play-circle\",\n                            \"play-circle-o\",\n                            \"plug\",\n                            \"plus\",\n                            \"plus-circle\",\n                            \"plus-square\",\n                            \"plus-square-o\",\n                            \"power-off\",\n                            \"print\",\n                            \"product-hunt\",\n                            \"puzzle-piece\",\n                            \"qq\",\n                            \"qrcode\",\n                            \"question\",\n                            \"question-circle\",\n                            \"quote-left\",\n                            \"quote-right\",\n                            \"ra\",\n                            \"random\",\n                            \"rebel\",\n                            \"recycle\",\n                            \"reddit\",\n                            \"reddit-alien\",\n                            \"reddit-square\",\n                            \"refresh\",\n                            \"registered\",\n                            \"remove\",\n                            \"renren\",\n                            \"reorder\",\n                            \"repeat\",\n                            \"reply\",\n                            \"reply-all\",\n                            \"retweet\",\n                            \"rmb\",\n                            \"road\",\n                            \"rocket\",\n                            \"rotate-left\",\n                            \"rotate-right\",\n                            \"rouble\",\n                            \"rss\",\n                            \"rss-square\",\n                            \"rub\",\n                            \"ruble\",\n                            \"rupee\",\n                            \"safari\",\n                            \"save\",\n                            \"scissors\",\n                            \"scribd\",\n                            \"search\",\n                            \"search-minus\",\n                            \"search-plus\",\n                            \"sellsy\",\n                            \"send\",\n                            \"send-o\",\n                            \"server\",\n                            \"share\",\n                            \"share-alt\",\n                            \"share-alt-square\",\n                            \"share-square\",\n                            \"share-square-o\",\n                            \"shekel\",\n                            \"sheqel\",\n                            \"shield\",\n                            \"ship\",\n                            \"shirtsinbulk\",\n                            \"shopping-bag\",\n                            \"shopping-basket\",\n                            \"shopping-cart\",\n                            \"sign-in\",\n                            \"sign-out\",\n                            \"signal\",\n                            \"simplybuilt\",\n                            \"sitemap\",\n                            \"skyatlas\",\n                            \"skype\",\n                            \"slack\",\n                            \"sliders\",\n                            \"slideshare\",\n                            \"smile-o\",\n                            \"soccer-ball-o\",\n                            \"sort\",\n                            \"sort-alpha-asc\",\n                            \"sort-alpha-desc\",\n                            \"sort-amount-asc\",\n                            \"sort-amount-desc\",\n                            \"sort-asc\",\n                            \"sort-desc\",\n                            \"sort-down\",\n                            \"sort-numeric-asc\",\n                            \"sort-numeric-desc\",\n                            \"sort-up\",\n                            \"soundcloud\",\n                            \"space-shuttle\",\n                            \"spinner\",\n                            \"spoon\",\n                            \"spotify\",\n                            \"square\",\n                            \"square-o\",\n                            \"stack-exchange\",\n                            \"stack-overflow\",\n                            \"star\",\n                            \"star-half\",\n                            \"star-half-empty\",\n                            \"star-half-full\",\n                            \"star-half-o\",\n                            \"star-o\",\n                            \"steam\",\n                            \"steam-square\",\n                            \"step-backward\",\n                            \"step-forward\",\n                            \"stethoscope\",\n                            \"sticky-note\",\n                            \"sticky-note-o\",\n                            \"stop\",\n                            \"stop-circle\",\n                            \"stop-circle-o\",\n                            \"street-view\",\n                            \"strikethrough\",\n                            \"stumbleupon\",\n                            \"stumbleupon-circle\",\n                            \"subscript\",\n                            \"subway\",\n                            \"suitcase\",\n                            \"sun-o\",\n                            \"superscript\",\n                            \"support\",\n                            \"table\",\n                            \"tablet\",\n                            \"tachometer\",\n                            \"tag\",\n                            \"tags\",\n                            \"tasks\",\n                            \"taxi\",\n                            \"television\",\n                            \"tencent-weibo\",\n                            \"terminal\",\n                            \"text-height\",\n                            \"text-width\",\n                            \"th\",\n                            \"th-large\",\n                            \"th-list\",\n                            \"thumb-tack\",\n                            \"thumbs-down\",\n                            \"thumbs-o-down\",\n                            \"thumbs-o-up\",\n                            \"thumbs-up\",\n                            \"ticket\",\n                            \"times\",\n                            \"times-circle\",\n                            \"times-circle-o\",\n                            \"tint\",\n                            \"toggle-down\",\n                            \"toggle-left\",\n                            \"toggle-off\",\n                            \"toggle-on\",\n                            \"toggle-right\",\n                            \"toggle-up\",\n                            \"trademark\",\n                            \"train\",\n                            \"transgender\",\n                            \"transgender-alt\",\n                            \"trash\",\n                            \"trash-o\",\n                            \"tree\",\n                            \"trello\",\n                            \"tripadvisor\",\n                            \"trophy\",\n                            \"truck\",\n                            \"try\",\n                            \"tty\",\n                            \"tumblr\",\n                            \"tumblr-square\",\n                            \"turkish-lira\",\n                            \"tv\",\n                            \"twitch\",\n                            \"twitter\",\n                            \"twitter-square\",\n                            \"umbrella\",\n                            \"underline\",\n                            \"undo\",\n                            \"university\",\n                            \"unlink\",\n                            \"unlock\",\n                            \"unlock-alt\",\n                            \"unsorted\",\n                            \"upload\",\n                            \"usb\",\n                            \"usd\",\n                            \"user\",\n                            \"user-md\",\n                            \"user-plus\",\n                            \"user-secret\",\n                            \"user-times\",\n                            \"users\",\n                            \"venus\",\n                            \"venus-double\",\n                            \"venus-mars\",\n                            \"viacoin\",\n                            \"video-camera\",\n                            \"vimeo\",\n                            \"vimeo-square\",\n                            \"vine\",\n                            \"vk\",\n                            \"volume-down\",\n                            \"volume-off\",\n                            \"volume-up\",\n                            \"warning\",\n                            \"wechat\",\n                            \"weibo\",\n                            \"weixin\",\n                            \"whatsapp\",\n                            \"wheelchair\",\n                            \"wifi\",\n                            \"wikipedia-w\",\n                            \"windows\",\n                            \"won\",\n                            \"wordpress\",\n                            \"wrench\",\n                            \"xing\",\n                            \"xing-square\",\n                            \"y-combinator\",\n                            \"y-combinator-square\",\n                            \"yahoo\",\n                            \"yc\",\n                            \"yc-square\",\n                            \"yelp\",\n                            \"yen\",\n                            \"youtube\",\n                            \"youtube-play\",\n                            \"youtube-square\"\n                        ],\n                        \"format\": \"select\",\n                        \"description\": \"Look up your Icon here: https:\\/\\/glyphsearch.com\\/?library=font-awesome\"\n                    },\n                    \"title\": {\n                        \"propertyOrder\": 200,\n                        \"type\": \"string\",\n                        \"title\": \"Headline\",\n                        \"default\": \"Senectus et netus et malesuada fames ac turpis egestas.\"\n                    },\n                    \"text_html\": {\n                        \"propertyOrder\": 300,\n                        \"type\": \"string\",\n                        \"title\": \"Text\",\n                        \"default\": \"<p>Pellentesque habitant morbi tristique senectus et netus et malesuada fames ac turpis egestas. Vestibulum tortor quam, feugiat vitae, ultricies eget, tempor sit amet, ante. Donec eu libero sit amet quam egestas semper. Aenean ultricies mi vitae est. Mauris placerat eleifend leo.<\\/p>\",\n                        \"format\": \"html\",\n                        \"options\": {\n                            \"wysiwyg\": true\n                        }\n                    },\n                    \"button_text\": {\n                        \"propertyOrder\": 400,\n                        \"type\": \"string\",\n                        \"title\": \"Button Text\",\n                        \"default\": \"Button\"\n                    },\n                    \"button_url\": {\n                        \"propertyOrder\": 500,\n                        \"type\": \"string\",\n                        \"title\": \"Link \\/ Mailto \\/ Anchor\",\n                        \"description\": \"Link: www.url.com \\/ Mailto: mailto:mail@info.com \\/ Anchor: #widget-NameID\"\n                    },\n                    \"link_target\": {\n                        \"propertyOrder\": 600,\n                        \"type\": \"boolean\",\n                        \"format\": \"checkbox\",\n                        \"title\": \"Open in new window\",\n                        \"default\": false\n                    }\n                }\n            }\n        }\n    }\n}','<div class=\"widget-content blocks bg-{{ skin }} {{ text }}\">\r\n\r\n    {% if ckbox == true %}\r\n    <div class=\"container\">\r\n    {% else %}\r\n    <div class=\"no-container\">\r\n    {% endif %}\r\n\r\n        <div class=\"row\">\r\n            {% for block in  blocks %}\r\n            \r\n                {% if cols == \"6\" %}\r\n                    <div class=\"col-xs-4 col-sm-2 col-md-2 col-lg-2\">\r\n                    {% elseif cols == \"4\" %}\r\n                    <div class=\"col-xs-12 col-sm-6 col-md-3 col-lg-3\">\r\n                    {% elseif cols == \"3\" %}\r\n                    <div class=\"col-xs-12 col-lg-4\">\r\n                    {% elseif cols == \"2\" %}\r\n                    <div class=\"col-xs-12 col-md-6\">\r\n                    {% else %} \r\n                    <div class=\"col-lg-12\">\r\n                {% endif %}\r\n            \r\n                    {% if (block.icon) != \"\" %}\r\n                        <div class=\"icon\">\r\n                            <i class=\"fa fa-{{ block.icon }}\"></i>\r\n                        </div>\r\n                    {% endif %}\r\n                    \r\n                    {% if (block.title) != \"\" %}\r\n                        <h3>{{ block.title }}</h3>\r\n                    {% endif %}     \r\n                    \r\n                    {% if (block.text_html) != \"\" %} \r\n                        {{ block.text_html|raw }}\r\n                    {% endif %} \r\n                    \r\n                    {% if (block.button_text) != \"\" %}\r\n                        <p>\r\n                            {% if block.link_target == true %}\r\n                                <a href=\"{{block.button_url}}\" target=\"_blank\" class=\"btn btn-primary btn-{{ skin }}\">{{block.button_text}}</a>\r\n                            {% else %}\r\n                                <a href=\"{{block.button_url}}\" target=\"_self\" class=\"btn btn-primary btn-{{ skin }}\">{{block.button_text}}</a>\r\n                            {% endif %} \r\n                        </p>\r\n                    {% endif %}\r\n                    \r\n                </div>\r\n            {% endfor %}\r\n        </div>\r\n    </div>\r\n</div>\r\n',NULL,'2017-10-25 10:04:18');
INSERT INTO `app_hrzg_widget_template` VALUES (17,'Header - video (JS)','hrzg\\widget\\widgets\\TwigTemplate','{\n    \"title\": \"Header Video Widget\",\n    \"type\": \"object\",\n    \"properties\": {\n        \"subline\": {\n            \"type\": \"string\",\n            \"title\": \"Subline\",\n            \"default\": \"Subline\"\n        },\n        \"headline\": {\n            \"type\": \"string\",\n            \"title\": \"Headline\",\n            \"default\": \"Headline\"\n        },\n        \"youtube_id\": {\n            \"type\": \"string\",\n            \"title\": \"YouTube ID\",\n            \"default\": \"28ji6G5hTRw\"\n        },\n        \"imageSource\": {\n            \"type\": \"string\",\n            \"format\": \"filefly\",\n            \"title\": \"Image URL\",\n            \"default\": \"\"\n        }\n    }\n}','{# disableSrc #}\r\n{% set playerId = \'player-\' ~ random() %}\r\n\r\n{% set disableSrc %}\r\n    function resizeHandler() {\r\n        if($(\'#{{ playerId }}\').length) {\r\n            if(window.innerWidth < 768) {\r\n                $(\'#{{ playerId }}\')[0].src = \"\"; \r\n            } else if(!$(\'#player\')[0].src && window.innerWidth >= 768) {\r\n                $(\'#{{ playerId }}\')[0].src = \"https://www.youtube.com/embed/{{ youtube_id }}?rel=0&amp;showinfo=0&amp;controls=0&amp;autoplay=1&amp;loop=1&amp;playlist={{ youtube_id }}&amp;enablejsapi=1&version=3\";\r\n            }\r\n        }\r\n    }\r\n    $(document).ready(function () {\r\n        $(window).resize(function() {\r\n            resizeHandler()\r\n        });\r\n        resizeHandler();\r\n    })\r\n    resizeHandler();\r\n{% endset %}\r\n{{ this.registerJs(disableSrc) }}\r\n\r\n<div class=\"header-video header-image text-center\" style=\"background-image: url(/filefly/api?action=stream&path={{ imageSource }}); width: 100%;\">\r\n    <div style=\"position: relative; max-height: 100%; overflow: hidden; \">\r\n        <div class=\"embed-responsive embed-responsive-16by9\">\r\n            <div class=\"header-video-iframe\"id=\"background\">\r\n               <iframe id=\'{{ playerId }}\' width=\"100%\" height=\"100%\" src=\"https://www.youtube.com/embed/{{ youtube_id }}?rel=0&amp;showinfo=0&amp;controls=0&amp;autoplay=1&amp;loop=1&amp;playlist={{ youtube_id }}&amp;enablejsapi=1&version=3\" frameborder=\"0\"></iframe>\r\n            </div>\r\n        </div>\r\n        <div class=\"video-front text-on-picture\">\r\n            <h5>{{ subline }}</h5>\r\n            <h1>{{ headline }}</h1>\r\n        </div>\r\n            \r\n    </div>\r\n</div>\r\n',NULL,'2017-10-25 09:45:41');
INSERT INTO `app_hrzg_widget_template` VALUES (19,'Footer','hrzg\\widget\\widgets\\TwigTemplate','{\n    \"title\": \"Footer Widget\",\n    \"type\": \"object\",\n    \"id\": \"footer\",\n    \"properties\": {\n        \"text\": {\n            \"type\": \"string\",\n            \"title\": \"Text style\",\n            \"enum\": [\n                \"text-right\",\n                \"text-center\",\n                \"text-left\"\n            ]\n        },\n        \"blocks\": {\n            \"type\": \"array\",\n            \"format\": \"tabs\",\n            \"title\": \"Link\",\n            \"items\": {\n                \"type\": \"object\",\n                \"title\": \"Link\",\n                \"properties\": {\n                    \"title\": {\n                        \"type\": \"string\",\n                        \"title\": \"Title\"\n                    },\n                    \"link\": {\n                        \"type\": \"string\",\n                        \"title\": \"Link URL\"\n                    },\n                    \"link_target\": {\n                        \"type\": \"boolean\",\n                        \"format\": \"checkbox\",\n                        \"title\": \"Open in new window\",\n                        \"default\": true\n                    }\n                }\n            }\n        }\n    }\n}','<div class=\"widget-content footer bg-dark\">\r\n    <div class=\"container\">\r\n        <div class=\"row\">\r\n            <div class=\"col-xs-12 col-sm-11 col-lg-11\">\r\n                <ul class=\"list-inline {{ text }}\">\r\n                        \r\n                    {% for block in  blocks %}\r\n                        <li> \r\n                            {% if block.link_target == true %}\r\n                                <a href=\"{{block.link}}\" target=\"_blank\">{{block.title}}</a>\r\n                            {% else %}\r\n                                <a href=\"{{block.link}}\" target=\"_self\">{{block.title}}</a>\r\n                            {% endif %} \r\n                        </li>\r\n                    {% endfor %}\r\n                </ul>\r\n            </div>\r\n            \r\n            <div class=\"col-xs-12 col-sm-1 col-lg-1 footer-logo-position\">\r\n                <div class=\"footer-logo-herzog\">\r\n                    <a href=\"#\" data-toggle=\"modal\" data-target=\"#footer-modal\">\r\n                        <img class=\"img-responsive\" src=\"https://t.phundament.com/dmstr-32-white-cropped.png\" alt=\"icon dmstr\" data-pin-nopin=\"true\">\r\n                    </a>\r\n                </div>\r\n            </div>\r\n        </div>\r\n    </div>\r\n</div>\r\n\r\n<!-- Small modal -->\r\n<div id=\"footer-modal\" class=\"modal fade bs-example-modal-sm\" tabindex=\"-1\" role=\"dialog\" aria-labelledby=\"mySmallModalLabel\">\r\n  <div class=\"modal-dialog modal-sm\" role=\"document\">\r\n    <div class=\"modal-content\">\r\n      <div class=\"modal-body\">\r\n          <div>\r\n            Realized by <b><a href=\"http://herzogkommunikation.de\">herzog kommunikation GmbH</a></b>, Stuttgart  \r\n          </div>\r\n          <div>\r\n            <b>Zum Backend: <a class=\"modal-login\" href=\"/de/backend\">Login</a></b>\r\n          </div>\r\n      </div>\r\n    </div>\r\n  </div>\r\n</div>',NULL,'2017-10-25 07:20:02');
INSERT INTO `app_hrzg_widget_template` VALUES (22,'Content - blocks with image (1-6)','hrzg\\widget\\widgets\\TwigTemplate','{\n    \"title\": \"Content blocks Widget\",\n    \"type\": \"object\",\n    \"required\": [\n        \"skin\"\n    ],\n    \"properties\": {\n        \"cols\": {\n            \"propertyOrder\": 10,\n            \"type\": \"string\",\n            \"title\": \"Blocks per row\",\n            \"description\": \"Set the max. amount of blocks per row.\",\n            \"enum\": [\n                \"1\",\n                \"2\",\n                \"3\",\n                \"4\",\n                \"6\"\n            ],\n            \"default\": \"1\"\n        },\n        \"skin\": {\n            \"propertyOrder\": 20,\n            \"type\": \"string\",\n            \"title\": \"Skin Style\",\n            \"enum\": [\n                \"default\",\n                \"inverse\"\n            ]\n        },\n        \"text\": {\n            \"propertyOrder\": 30,\n            \"type\": \"string\",\n            \"title\": \"Text orientation\",\n            \"enum\": [\n                \"text-center\",\n                \"text-left\",\n                \"text-right\"\n            ]\n        },\n        \"ckbox\": {\n            \"propertyOrder\": 40,\n            \"title\": \"Container on\\/off\",\n            \"type\": \"boolean\",\n            \"format\": \"checkbox\",\n            \"default\": true\n        },\n        \"subline\": {\n            \"propertyOrder\": 50,\n            \"type\": \"string\",\n            \"title\": \"Subline\",\n            \"default\": \"Subline\"\n        },\n        \"headline\": {\n            \"propertyOrder\": 60,\n            \"type\": \"string\",\n            \"title\": \"Headline\",\n            \"default\": \"Headline\"\n        },\n        \"blocks\": {\n            \"type\": \"array\",\n            \"title\": \"Contentblock\",\n            \"format\": \"tabs\",\n            \"items\": {\n                \"type\": \"object\",\n                \"title\": \"Contentblock\",\n                \"properties\": {\n                    \"image_url\": {\n                        \"propertyOrder\": 100,\n                        \"type\": \"string\",\n                        \"title\": \"Image URL\",\n                        \"format\": \"filefly\",\n                        \"default\": \"\\/_phd\\/test.png\"\n                    },\n                    \"image_seo\": {\n                        \"propertyOrder\": 100,\n                        \"type\": \"string\",\n                        \"title\": \"Image SEO\"\n                    },\n                    \"headline_block\": {\n                        \"propertyOrder\": 200,\n                        \"type\": \"string\",\n                        \"title\": \"Headline\",\n                        \"default\": \"headline block\"\n                    },\n                    \"text_html\": {\n                        \"propertyOrder\": 300,\n                        \"type\": \"string\",\n                        \"title\": \"Text\",\n                        \"default\": \"<p> Pellentesque habitant morbi tristique ultricies mi vitae est. Mauris placerat eleifend leo.<\\/p>\",\n                        \"format\": \"html\",\n                        \"options\": {\n                            \"wysiwyg\": true\n                        }\n                    },\n                    \"button_text\": {\n                        \"propertyOrder\": 400,\n                        \"type\": \"string\",\n                        \"title\": \"Button Text\"\n                    },\n                    \"button_url\": {\n                        \"propertyOrder\": 500,\n                        \"type\": \"string\",\n                        \"title\": \"Link \\/ Mailto \\/ Anchor\",\n                        \"description\": \"Link: http:\\/\\/www.url.com \\/ Mailto: mailto:mail@info.com \\/ Anchor: #widget-NameID_de\"\n                    },\n                    \"link_target\": {\n                        \"propertyOrder\": 600,\n                        \"type\": \"boolean\",\n                        \"format\": \"checkbox\",\n                        \"title\": \"Open in new window\",\n                        \"default\": true\n                    }\n                }\n            }\n        }\n    }\n}','<div class=\"widget-content blocks bg-{{ skin }} {{ text }}\">\r\n    {% if ckbox == true %}\r\n    <div class=\"container\">\r\n    {% else %}\r\n    <div class=\"no-container\">\r\n    {% endif %}\r\n    \r\n        {% if (subline) != \"\" %}\r\n            <h3>{{ subline }}</h35>\r\n        {% endif %}\r\n            \r\n        {% if (headline) != \"\" %}\r\n            <h2>{{ headline }}</h2>\r\n        {% endif %}\r\n            \r\n        <div class=\"row\">\r\n        {% for block in  blocks %}\r\n            {% if cols == \"6\" %}\r\n            <div class=\"col-xs-4 col-sm-2 col-md-2 col-lg-2\">\r\n            {% elseif cols == \"4\" %}\r\n            <div class=\"col-xs-12 col-sm-6 col-md-3 col-lg-3\">\r\n            {% elseif cols == \"3\" %}\r\n            <div class=\"col-xs-12 col-lg-4\">\r\n            {% elseif cols == \"2\" %}\r\n            <div class=\"col-xs-12 col-md-6\">\r\n            {% else %} \r\n            <div class=\"col-lg-12\">\r\n            {% endif %}\r\n            \r\n                {% if (block.image_url) != \"\" %}\r\n                    <div class=\"img-responsive\">\r\n                         <img src=\"/filefly/api?action=stream&path={{ block.image_url }}\" class=\"img-responsive\" alt=\"{{ block.image_seo }}\">\r\n                    </div>\r\n                {% endif %}    \r\n                \r\n                {% if (block.headline_block) != \"\" %}\r\n                    <div class=\"blocks-headline\">\r\n                        <h3>{{ block.headline_block}}</h3>\r\n                    </div>\r\n                {% endif %}\r\n                \r\n                {% if (block.text_html) != \"\" %}\r\n                   {{ block.text_html|raw }}\r\n                {% endif %}\r\n                \r\n                {% if (block.button_text) != \"\" %}\r\n                        <p>\r\n                            {% if block.link_target == true %}\r\n                                <a href=\"{{block.button_url}}\" target=\"_blank\" class=\"btn btn-primary btn-{{ skin }}\">{{block.button_text}}</a>\r\n                            {% else %}\r\n                                <a href=\"{{block.button_url}}\" target=\"_self\" class=\"btn btn-primary btn-{{ skin }}\">{{block.button_text}}</a>\r\n                            {% endif %} \r\n                        </p>\r\n                {% endif %}\r\n            \r\n            </div>\r\n            \r\n        {% endfor %}\r\n        \r\n        </div>\r\n    </div>\r\n</div>\r\n',NULL,'2017-10-24 19:10:03');
INSERT INTO `app_hrzg_widget_template` VALUES (24,'Content - text & image','hrzg\\widget\\widgets\\TwigTemplate','{\n    \"title\": \"Content & Image Widget\",\n    \"type\": \"object\",\n    \"required\": [\n        \"skin\"\n    ],\n    \"properties\": {\n        \"skin\": {\n            \"type\": \"string\",\n            \"title\": \"Skin style\",\n            \"enum\": [\n                \"default\",\n                \"inverse\"\n            ]\n        },\n        \"text\": {\n            \"type\": \"string\",\n            \"title\": \"Text orientation\",\n            \"enum\": [\n                \"text-left\",\n                \"text-center\",\n                \"text-right\"\n            ]\n        },\n        \"position\": {\n            \"title\": \"Text position\",\n            \"type\": \"string\",\n            \"enum\": [\n                \"text-on-left\",\n                \"text-on-right\"\n            ]\n        },\n        \"ckbox\": {\n            \"title\": \"Container on\\/off\",\n            \"type\": \"boolean\",\n            \"format\": \"checkbox\",\n            \"default\": true\n        },\n        \"text_html\": {\n            \"type\": \"string\",\n            \"title\": \"Text\",\n            \"default\": \"<p>Pellentesque habitant morbi tristique senectus et netus et malesuada<\\/p>\",\n            \"format\": \"html\",\n            \"options\": {\n                \"wysiwyg\": true\n            }\n        },\n        \"button_text\": {\n            \"type\": \"string\",\n            \"title\": \"Button Text\"\n        },\n        \"button_url\": {\n            \"type\": \"string\",\n            \"title\": \"Link \\/ Mailto \\/ Anchor\",\n            \"description\": \"Link: http:\\/\\/www.example.com \\/ Mailto: mailto:mail@info.com \\/ Anchor: #widget-NameID_de\"\n        },\n        \"image_url\": {\n            \"type\": \"string\",\n            \"title\": \"Image URL\",\n            \"format\": \"filefly\",\n            \"default\": \"\\/_phd\\/test.png\"\n        },\n        \"image_seo\": {\n            \"type\": \"string\",\n            \"title\": \"Image SEO\",\n            \"default\": \"Vestibulum tortor quam, feugiat vitae, ultricies eget, tempor sit amet, ante.\"\n        }\n    }\n}','<div class=\"widget-content content bg-{{ skin }} {{ text }}\">\r\n    {% if ckbox == true %}\r\n    <div class=\"container\">\r\n    {% else %}\r\n    <div class=\"no-container\">\r\n    {% endif %}\r\n    \r\n        {% if position == \"text-on-left\" %}\r\n        <div class=\"row\">\r\n            \r\n            <div class=\"col-md-6 text-next-image text-on-left\">\r\n                \r\n                {% if (text_html) != \"\" %}\r\n                    {{ text_html|raw }}\r\n                {% endif %} \r\n                \r\n                {% if (button_text) != \"\" %}\r\n                    <a href=\"{{ button_url }}\" class=\"btn btn-primary btn-{{ skin }}\">{{ button_text }}</a>\r\n                {% endif %}  \r\n                \r\n            </div>   \r\n            \r\n            <div class=\"col-md-6\">\r\n                <img class=\"img-responsive\"\r\n                            src=\"/filefly/api?action=stream&path={{ image_url }}\"\r\n                            alt=\"{{ image_seo }}\">\r\n            </div>\r\n            \r\n         </div>\r\n        {% endif %}\r\n        \r\n        {% if position == \"text-on-right\" %}\r\n        <div class=\"row\">\r\n            \r\n            <div class=\"col-md-6\">\r\n                \r\n                <img class=\"img-responsive\"\r\n                            src=\"/filefly/api?action=stream&path={{ image_url }}\"\r\n                            alt=\"{{ image_seo }}\">\r\n            </div>\r\n            \r\n            <div class=\"col-md-6 text-next-image text-on-right\">\r\n                {% if (text_html) != \"\" %}\r\n                    {{ text_html|raw }}\r\n                {% endif %}\r\n                \r\n                {% if (button_text) != \"\" %}\r\n                    <a href=\"{{ button_url }}\" class=\"btn btn-primary btn-{{ skin }}\">{{ button_text }}</a>\r\n                {% endif %} \r\n                \r\n            </div> \r\n            \r\n        </div>\r\n        {% endif %}\r\n        \r\n    </div>\r\n</div>\r\n\r\n',NULL,'2017-10-24 19:09:45');
INSERT INTO `app_hrzg_widget_template` VALUES (26,'Content - separator image','hrzg\\widget\\widgets\\TwigTemplate','{\n    \"title\": \"Big Image Widget\",\n    \"type\": \"object\",\n    \"properties\": {\n        \"skin\": {\n            \"type\": \"string\",\n            \"title\": \"Widget style\",\n            \"enum\": [\n                \"default\",\n                \"inverse\"\n            ]\n        },\n        \"contained\": {\n            \"title\": \"Container ON\",\n            \"description\": \"Check if container is needed, without container = parallax\",\n            \"type\": \"boolean\",\n            \"format\": \"checkbox\"\n        },\n        \"image_url\": {\n            \"type\": \"string\",\n            \"title\": \"Image URL\",\n            \"format\": \"filefly\",\n            \"default\": \"\\/separator.png\"\n        },\n        \"image_seo\": {\n            \"type\": \"string\",\n            \"title\": \"Image SEO\",\n            \"default\": \"Vestibulum tortor quam.\"\n        }\n    }\n}','<section class=\"bg-{{ skin }}\">\r\n    \r\n     {% if contained != \"true\" %}\r\n    \r\n        <figure class=\"separator-image\">\r\n            <div id=\"parallax\" style=\"background-image:url(/filefly/api?action=stream&path={{ image_url }})\" alt=\"{{ image_seo }}\"></div> \r\n        </figure>\r\n                \r\n    {% else %}\r\n    \r\n    \r\n        <div class=\"container\">\r\n            <div class=\"row\">\r\n                <figure class=\" col-xs-12 col-md-12\">\r\n    \r\n                        <img class=\"img-responsive big-image\"\r\n                            src=\"/filefly/api?action=stream&path={{ image_url }}\"\r\n                            alt=\"{{ image_seo }}\">\r\n                </figure>\r\n            </div>\r\n        </div>\r\n\r\n    {% endif %}\r\n    \r\n</section>',NULL,'2017-10-25 09:23:59');
INSERT INTO `app_hrzg_widget_template` VALUES (35,'Content - anchor widget (JS)','hrzg\\widget\\widgets\\TwigTemplate','{\n    \"title\": \"Anker Widget\",\n    \"type\": \"object\",\n    \"required\": [\n        \"skin\"\n    ],\n    \"properties\": {\n        \"skin\": {\n            \"type\": \"string\",\n            \"title\": \"Widget Style\",\n            \"enum\": [\n                \"default\",\n                \"inverse\"\n            ]\n        },\n        \"blocks\": {\n            \"type\": \"array\",\n            \"title\": \"Anchor\",\n            \"format\": \"tabs\",\n            \"items\": {\n                \"type\": \"object\",\n                \"title\": \"Anchor\",\n                \"properties\": {\n                    \"label\": {\n                        \"type\": \"string\",\n                        \"title\": \"Anchor Name\"\n                    },\n                    \"anchor_url\": {\n                        \"type\": \"string\",\n                        \"title\": \"Anchor #\",\n                        \"description\": \"Link: www.url.com \\/ Mailto: mailto:mail@info.com \\/ Anchor: #widget-NameID_de\"\n                    }\n                }\n            }\n        }\n    }\n}','{# Scrolling #}\r\n{% set scrolling %}\r\n    $(document).on(\'click\', \'a[href^=\"#\"]\', function(event){\r\n        event.preventDefault();\r\n        $(\'html, body\').animate({\r\n            scrollTop: $( $.attr(this, \'href\').replace(\'/de/\',\'\') ).offset().top\r\n        }, 500);\r\n    });\r\n{% endset %}\r\n{{ this.registerJs(scrolling) }}\r\n\r\n\r\n<div class=\"anchor-widget text-center bg-{{ skin }}\">\r\n    <div class=\"container\">\r\n        <div class=\"row\">\r\n            {% for block in  blocks %}\r\n                {% if blocks|length == 4 %}\r\n                <div class=\"col-xs-12 col-sm-3 col-md-3 col-lg-3\">\r\n                {% elseif blocks|length == 3 %}\r\n                <div class=\"col-xs-12 col-sm-4 col-md-4 col-lg-4\">\r\n                {% elseif blocks|length == 6 %}\r\n                <div class=\"col-xs-12 col-sm-4 col-md-4 col-lg-4\">\r\n                {% else %} \r\n                <div class=\"col-sm-{{ 12 / blocks|length }}\">\r\n                {% endif %}\r\n            \r\n                    <div>\r\n                        <p class=\"anchor\">\r\n                            <a class=\"\" href=\"{{block.anchor_url}}\">{{block.label}}</a>\r\n                        </p>\r\n                    </div>\r\n                </div>\r\n            {% endfor %}\r\n        </div>\r\n    </div>\r\n</div>\r\n','2017-10-19 08:36:37','2017-10-24 19:08:34');
INSERT INTO `app_hrzg_widget_template` VALUES (36,'Content - social media','hrzg\\widget\\widgets\\TwigTemplate','{\n    \"title\": \"Social Media Widget\",\n    \"type\": \"object\",\n    \"id\": \"footer\",\n    \"required\": [\n        \"skin\"\n    ],\n    \"properties\": {\n        \"skin\": {\n            \"type\": \"string\",\n            \"title\": \"Widget Style\",\n            \"enum\": [\n                \"default\",\n                \"inverse\"\n            ]\n        },\n        \"facebook_url\": {\n            \"type\": \"string\",\n            \"title\": \"facebook url\"\n        },\n        \"xing_url\": {\n            \"type\": \"string\",\n            \"title\": \"xing url\"\n        },\n        \"instagram_url\": {\n            \"type\": \"string\",\n            \"title\": \"instagram url\"\n        },\n        \"pinterest_url\": {\n            \"type\": \"string\",\n            \"title\": \"pinterest url\"\n        },\n        \"linkedin_url\": {\n            \"type\": \"string\",\n            \"title\": \"linkedin url\"\n        },\n        \"youtube_url\": {\n            \"type\": \"string\",\n            \"title\": \"youtube url\"\n        },\n        \"twitter_url\": {\n            \"type\": \"string\",\n            \"title\": \"twitter url\"\n        }\n    }\n}','{% set basePath = \'/filefly/api?action=stream&path=%2Fbrand%2Fsocial\' %}\r\n\r\n<div class=\"footer text-center social-media bg-{{ skin }}\">\r\n    <div class=\"container\">\r\n        <div class=\"col-xs-12\">\r\n            <div class=\"social-media-list\">\r\n                <ul class=\"list-inline\">\r\n                                \r\n                    {% if (youtube_url) != \"\" %}\r\n                        <li> \r\n                            <a href=\"{{ youtube_url }}\" target=\"_blank\"><img class=\"footer-social\" src=\"{{ basePath }}/youtube.svg\"></a>\r\n                        </li>\r\n                    {% endif %}\r\n                    \r\n                    {% if (facebook_url) != \"\" %}\r\n                        <li> \r\n                            <a href=\"{{ facebook_url }}\" target=\"_blank\"><img class=\"footer-social\" src=\"{{ basePath }}/facebook.svg\"></a>\r\n                        </li>\r\n                    {% endif %}\r\n                    \r\n                    {% if (instagram_url) != \"\" %}\r\n                        <li> \r\n                            <a href=\"{{ instagram_url }}\" target=\"_blank\"><img class=\"footer-social\" src=\"{{ basePath }}/instagram.svg\"></a>\r\n                        </li>\r\n                    {% endif %}\r\n                    \r\n                    {% if (pinterest_url) != \"\" %}\r\n                        <li> \r\n                            <a href=\"{{ pinterest_url }}\" target=\"_blank\"><img class=\"footer-social\" src=\"{{ basePath }}/pinterest.svg\"></a>\r\n                        </li>\r\n                    {% endif %}\r\n                                                 \r\n                    {% if (xing_url) != \"\" %}\r\n                        <li> \r\n                            <a href=\"{{ xing_url }}\" target=\"_blank\"><img class=\"footer-social\" src=\"{{ basePath }}/xing.svg\"></a>\r\n                        </li>\r\n                    {% endif %}\r\n                            \r\n                    {% if (linkedin_url) != \"\" %}\r\n                        <li> \r\n                            <a href=\"{{ linkedin_url }}\" target=\"_blank\"><img class=\"footer-social\" src=\"{{ basePath }}/linkedin.svg\"></a>\r\n                        </li>\r\n                    {% endif %}\r\n                            \r\n                    {% if (twitter_url) != \"\" %}\r\n                        <li> \r\n                            <a href=\"{{ pinterest_url }}\" target=\"_blank\"><img class=\"footer-social\" src=\"{{ basePath }}/twitter.svg\"></a>\r\n                        </li>\r\n                    {% endif %}\r\n                    \r\n                </ul>\r\n            </div>\r\n        </div>\r\n    </div>\r\n</div>','2017-10-19 09:31:42','2017-10-25 09:34:40');
/*!40000 ALTER TABLE `app_hrzg_widget_template` ENABLE KEYS */;
UNLOCK TABLES;
commit;

--
-- Dumping data for table `app_html`
--

LOCK TABLES `app_html` WRITE; TRUNCATE TABLE `app_html`;
/*!40000 ALTER TABLE `app_html` DISABLE KEYS */;
set autocommit=0;
/*!40000 ALTER TABLE `app_html` ENABLE KEYS */;
UNLOCK TABLES;
commit;

--
-- Dumping data for table `app_language`
--

LOCK TABLES `app_language` WRITE; TRUNCATE TABLE `app_language`;
/*!40000 ALTER TABLE `app_language` DISABLE KEYS */;
set autocommit=0;
INSERT INTO `app_language` VALUES ('af-ZA','af','za','Afrikaans','Afrikaans',0);
INSERT INTO `app_language` VALUES ('ar-AR','ar','ar','‚ÄèÿßŸÑÿπÿ±ÿ®Ÿäÿ©‚Äè','Arabic',0);
INSERT INTO `app_language` VALUES ('az-AZ','az','az','Az…ôrbaycan dili','Azerbaijani',0);
INSERT INTO `app_language` VALUES ('be-BY','be','by','–ë–µ–ª–∞—Ä—É—Å–∫–∞—è','Belarusian',0);
INSERT INTO `app_language` VALUES ('bg-BG','bg','bg','–ë—ä–ª–≥–∞—Ä—Å–∫–∏','Bulgarian',0);
INSERT INTO `app_language` VALUES ('bn-IN','bn','in','‡¶¨‡¶æ‡¶Ç‡¶≤‡¶æ','Bengali',0);
INSERT INTO `app_language` VALUES ('bs-BA','bs','ba','Bosanski','Bosnian',0);
INSERT INTO `app_language` VALUES ('ca-ES','ca','es','Catal√†','Catalan',0);
INSERT INTO `app_language` VALUES ('cs-CZ','cs','cz','ƒåe≈°tina','Czech',0);
INSERT INTO `app_language` VALUES ('cy-GB','cy','gb','Cymraeg','Welsh',0);
INSERT INTO `app_language` VALUES ('da-DK','da','dk','Dansk','Danish',0);
INSERT INTO `app_language` VALUES ('de-DE','de','de','Deutsch','German',0);
INSERT INTO `app_language` VALUES ('el-GR','el','gr','ŒïŒªŒªŒ∑ŒΩŒπŒ∫Œ¨','Greek',0);
INSERT INTO `app_language` VALUES ('en-GB','en','gb','English (UK)','English (UK)',1);
INSERT INTO `app_language` VALUES ('en-PI','en','pi','English (Pirate)','English (Pirate)',0);
INSERT INTO `app_language` VALUES ('en-UD','en','ud','English (Upside Down)','English (Upside Down)',0);
INSERT INTO `app_language` VALUES ('en-US','en','us','English (US)','English (US)',1);
INSERT INTO `app_language` VALUES ('eo-EO','eo','eo','Esperanto','Esperanto',0);
INSERT INTO `app_language` VALUES ('es-ES','es','es','Espa√±ol (Espa√±a)','Spanish (Spain)',0);
INSERT INTO `app_language` VALUES ('es-LA','es','la','Espa√±ol','Spanish',0);
INSERT INTO `app_language` VALUES ('et-EE','et','ee','Eesti','Estonian',0);
INSERT INTO `app_language` VALUES ('eu-ES','eu','es','Euskara','Basque',0);
INSERT INTO `app_language` VALUES ('fa-IR','fa','ir','‚ÄèŸÅÿßÿ±ÿ≥€å‚Äè','Persian',0);
INSERT INTO `app_language` VALUES ('fb-LT','fb','lt','Leet Speak','Leet Speak',0);
INSERT INTO `app_language` VALUES ('fi-FI','fi','fi','Suomi','Finnish',0);
INSERT INTO `app_language` VALUES ('fo-FO','fo','fo','F√∏royskt','Faroese',0);
INSERT INTO `app_language` VALUES ('fr-CA','fr','ca','Fran√ßais (Canada)','French (Canada)',0);
INSERT INTO `app_language` VALUES ('fr-FR','fr','fr','Fran√ßais (France)','French (France)',0);
INSERT INTO `app_language` VALUES ('fy-NL','fy','nl','Frysk','Frisian',0);
INSERT INTO `app_language` VALUES ('ga-IE','ga','ie','Gaeilge','Irish',0);
INSERT INTO `app_language` VALUES ('gl-ES','gl','es','Galego','Galician',0);
INSERT INTO `app_language` VALUES ('he-IL','he','il','‚Äè◊¢◊ë◊®◊ô◊™‚Äè','Hebrew',0);
INSERT INTO `app_language` VALUES ('hi-IN','hi','in','‡§π‡§ø‡§®‡•ç‡§¶‡•Ä','Hindi',0);
INSERT INTO `app_language` VALUES ('hr-HR','hr','hr','Hrvatski','Croatian',0);
INSERT INTO `app_language` VALUES ('hu-HU','hu','hu','Magyar','Hungarian',0);
INSERT INTO `app_language` VALUES ('hy-AM','hy','am','’Ä’°’µ’•÷Ä’•’∂','Armenian',0);
INSERT INTO `app_language` VALUES ('id-ID','id','id','Bahasa Indonesia','Indonesian',0);
INSERT INTO `app_language` VALUES ('is-IS','is','is','√çslenska','Icelandic',0);
INSERT INTO `app_language` VALUES ('it-IT','it','it','Italiano','Italian',0);
INSERT INTO `app_language` VALUES ('ja-JP','ja','jp','Êó•Êú¨Ë™û','Japanese',0);
INSERT INTO `app_language` VALUES ('ka-GE','ka','ge','·É•·Éê·É†·Éó·É£·Éö·Éò','Georgian',0);
INSERT INTO `app_language` VALUES ('km-KH','km','kh','·ûó·û∂·ûü·û∂·ûÅ·üí·ûò·üÇ·ûö','Khmer',0);
INSERT INTO `app_language` VALUES ('ko-KR','ko','kr','ÌïúÍµ≠Ïñ¥','Korean',0);
INSERT INTO `app_language` VALUES ('ku-TR','ku','tr','Kurd√Æ','Kurdish',0);
INSERT INTO `app_language` VALUES ('la-VA','la','va','lingua latina','Latin',0);
INSERT INTO `app_language` VALUES ('lt-LT','lt','lt','Lietuvi≈≥','Lithuanian',0);
INSERT INTO `app_language` VALUES ('lv-LV','lv','lv','Latvie≈°u','Latvian',0);
INSERT INTO `app_language` VALUES ('mk-MK','mk','mk','–ú–∞–∫–µ–¥–æ–Ω—Å–∫–∏','Macedonian',0);
INSERT INTO `app_language` VALUES ('ml-IN','ml','in','‡¥Æ‡¥≤‡¥Ø‡¥æ‡¥≥‡¥Ç','Malayalam',0);
INSERT INTO `app_language` VALUES ('ms-MY','ms','my','Bahasa Melayu','Malay',0);
INSERT INTO `app_language` VALUES ('nb-NO','nb','no','Norsk (bokm√•l)','Norwegian (bokmal)',0);
INSERT INTO `app_language` VALUES ('ne-NP','ne','np','‡§®‡•á‡§™‡§æ‡§≤‡•Ä','Nepali',0);
INSERT INTO `app_language` VALUES ('nl-NL','nl','nl','Nederlands','Dutch',0);
INSERT INTO `app_language` VALUES ('nn-NO','nn','no','Norsk (nynorsk)','Norwegian (nynorsk)',0);
INSERT INTO `app_language` VALUES ('pa-IN','pa','in','‡®™‡©∞‡®ú‡®æ‡®¨‡©Ä','Punjabi',0);
INSERT INTO `app_language` VALUES ('pl-PL','pl','pl','Polski','Polish',0);
INSERT INTO `app_language` VALUES ('ps-AF','ps','af','‚ÄèŸæ⁄öÿ™Ÿà‚Äè','Pashto',0);
INSERT INTO `app_language` VALUES ('pt-BR','pt','br','Portugu√™s (Brasil)','Portuguese (Brazil)',0);
INSERT INTO `app_language` VALUES ('pt-PT','pt','pt','Portugu√™s (Portugal)','Portuguese (Portugal)',0);
INSERT INTO `app_language` VALUES ('ro-RO','ro','ro','Rom√¢nƒÉ','Romanian',0);
INSERT INTO `app_language` VALUES ('ru-RU','ru','ru','–†—É—Å—Å–∫–∏–π','Russian',0);
INSERT INTO `app_language` VALUES ('sk-SK','sk','sk','Slovenƒçina','Slovak',0);
INSERT INTO `app_language` VALUES ('sl-SI','sl','si','Sloven≈°ƒçina','Slovenian',0);
INSERT INTO `app_language` VALUES ('sq-AL','sq','al','Shqip','Albanian',0);
INSERT INTO `app_language` VALUES ('sr-RS','sr','rs','–°—Ä–ø—Å–∫–∏','Serbian',0);
INSERT INTO `app_language` VALUES ('sv-SE','sv','se','Svenska','Swedish',0);
INSERT INTO `app_language` VALUES ('sw-KE','sw','ke','Kiswahili','Swahili',0);
INSERT INTO `app_language` VALUES ('ta-IN','ta','in','‡Æ§‡ÆÆ‡Æø‡Æ¥‡Øç','Tamil',0);
INSERT INTO `app_language` VALUES ('te-IN','te','in','‡∞§‡±Ü‡∞≤‡±Å‡∞ó‡±Å','Telugu',0);
INSERT INTO `app_language` VALUES ('th-TH','th','th','‡∏†‡∏≤‡∏©‡∏≤‡πÑ‡∏ó‡∏¢','Thai',0);
INSERT INTO `app_language` VALUES ('tl-PH','tl','ph','Filipino','Filipino',0);
INSERT INTO `app_language` VALUES ('tr-TR','tr','tr','T√ºrk√ße','Turkish',0);
INSERT INTO `app_language` VALUES ('uk-UA','uk','ua','–£–∫—Ä–∞—ó–Ω—Å—å–∫–∞','Ukrainian',0);
INSERT INTO `app_language` VALUES ('vi-VN','vi','vn','Ti·∫øng Vi·ªát','Vietnamese',0);
INSERT INTO `app_language` VALUES ('xx-XX','xx','xx','Fejleszt≈ë','Developer',0);
INSERT INTO `app_language` VALUES ('zh-CN','zh','cn','‰∏≠Êñá(ÁÆÄ‰Ωì)','Simplified Chinese (China)',0);
INSERT INTO `app_language` VALUES ('zh-HK','zh','hk','‰∏≠Êñá(È¶ôÊ∏Ø)','Traditional Chinese (Hong Kong)',0);
INSERT INTO `app_language` VALUES ('zh-TW','zh','tw','‰∏≠Êñá(Âè∞ÁÅ£)','Traditional Chinese (Taiwan)',0);
/*!40000 ALTER TABLE `app_language` ENABLE KEYS */;
UNLOCK TABLES;
commit;

--
-- Dumping data for table `app_language_source`
--

LOCK TABLES `app_language_source` WRITE; TRUNCATE TABLE `app_language_source`;
/*!40000 ALTER TABLE `app_language_source` DISABLE KEYS */;
set autocommit=0;
/*!40000 ALTER TABLE `app_language_source` ENABLE KEYS */;
UNLOCK TABLES;
commit;

--
-- Dumping data for table `app_language_translate`
--

LOCK TABLES `app_language_translate` WRITE; TRUNCATE TABLE `app_language_translate`;
/*!40000 ALTER TABLE `app_language_translate` DISABLE KEYS */;
set autocommit=0;
/*!40000 ALTER TABLE `app_language_translate` ENABLE KEYS */;
UNLOCK TABLES;
commit;

--
-- Dumping data for table `app_less`
--

LOCK TABLES `app_less` WRITE; TRUNCATE TABLE `app_less`;
/*!40000 ALTER TABLE `app_less` DISABLE KEYS */;
set autocommit=0;
INSERT INTO `app_less` VALUES (14,'default-main','// Main LESS file\r\n\r\n// Framework and base theme\r\n@import \"/app/vendor/bower/bootstrap/less/bootstrap.less\";\r\n@import \"//code.ionicframework.com/ionicons/2.0.1/css/ionicons.min.css\";\r\n\r\n// Google Fonts \r\n@import url(https://fonts.googleapis.com/css?family=Source+Sans+Pro:100,300,400);\r\n\r\n// Style for widget templates\r\n@import \"default_variables\";\r\n@import \"default_error-page\";\r\n@import \"default_widgets\";\r\n@import \"default_forms\";\r\n@import \"default_ios\";\r\n\r\n.container-layout {\r\n    margin-top: @navbar-height;\r\n}\r\n\r\nh1, h2, h3, h4, h5, h6, .navbar-nav > li > a {\r\n    letter-spacing: 0.05em;\r\n    text-transform: uppercase;\r\n}\r\n\r\np {\r\n    font-weight: 100;\r\n}\r\n');
INSERT INTO `app_less` VALUES (18,'default_widgets','.hrzg-widget-widget {\r\n    \r\n    // Backgrounds and Buttons //\r\n    \r\n    .bg-default {\r\n        background: white;\r\n        .btn-default {\r\n            color: white;\r\n            background-color: @brand-primary;\r\n        }\r\n        .btn-default:hover {\r\n            color: white;\r\n            background-color: @brand-secondary;\r\n            border-color: @brand-secondary;\r\n        }\r\n    }\r\n    \r\n    .bg-inverse {\r\n        background: @brand-secondary;\r\n        color: white;\r\n        height: 100%;\r\n        a {\r\n            color: white;\r\n            &.btn-inverse {\r\n                color: @brand-secondary;\r\n            }\r\n        }\r\n        .btn-inverse {\r\n            background-color: white;\r\n        }\r\n        .btn-inverse:hover {\r\n            color: @brand-primary;\r\n            background-color: white;\r\n            opacity: 0.8;\r\n        }\r\n    }\r\n    \r\n    .text-on-picture {\r\n        background-size: cover;\r\n        background-repeat: no-repeat;\r\n        color: white;\r\n        text-shadow: 0 0 1px rgba(0,0,0,0.05),0 1px 2px rgba(0,0,0,0.3),\r\n    }\r\n    \r\n    // For all widgets (except full width e.g. header and Big Image)\r\n    .widget-content {\r\n        padding: 6vw 0;\r\n        .no-container {\r\n            padding: 0 2em;\r\n        }\r\n    }\r\n       \r\n    // Header Image //\r\n    \r\n    .header-image {\r\n        background-position: center center;\r\n        background-color: @gray-lighter;\r\n        &.header-fixed {\r\n            background-size: cover;\r\n            background-repeat: no-repeat;\r\n            background-attachment: fixed;\r\n            @media (max-width: @screen-xs-max) {\r\n                // parallax with background-attachment: fixed; does not work mobile\r\n                background-attachment: initial;\r\n            }\r\n        }\r\n        .pattern{\r\n            background-color: rgba(0,0,0,0.2) !important;\r\n            padding: 200px 0;\r\n            @media (max-width: @screen-xs-max) {\r\n                padding: 90px 0;\r\n            }\r\n        }\r\n    }\r\n    \r\n    // Header Video //\r\n    \r\n    .header-video {\r\n        &.header-image {\r\n            background-size: cover;\r\n            background-repeat: no-repeat;\r\n            background-position: center center;\r\n            position: relative;\r\n        }\r\n        .video-front {\r\n            text-align: center;\r\n            z-index: 2;\r\n            position: absolute;\r\n            top:40%;\r\n            width: 100%;\r\n        }\r\n        .video-overlay {\r\n            background-color: rgba(0,0,0,0.2) !important;\r\n            position: absolute;\r\n            top: 0;\r\n            height: 100%;\r\n            width: 100%;\r\n            z-index: 1;\r\n        }\r\n        .embed-responsive {\r\n            height: 100%;\r\n        }\r\n    }\r\n    \r\n    // Big Image //\r\n    \r\n    \r\n    .separator-image {\r\n        max-height: 80vh;\r\n        overflow: hidden;\r\n        div#parallax {\r\n            height: 40vh;\r\n            background-color: @gray-lighter;\r\n            background-size: cover;\r\n            background-repeat: no-repeat;\r\n            background-position: center center;\r\n            position: relative;\r\n            background-attachment: fixed;\r\n            @media (max-width: @screen-xs-max) {\r\n                // parallax with background-attachment: fixed; does not work mobile\r\n                background-attachment: initial;\r\n                width: 100%;\r\n                \r\n            }\r\n        }\r\n    }\r\n        \r\n    .big-image {\r\n        margin-top: 40px;\r\n        margin-bottom:40px;\r\n        width: 100%;\r\n    }\r\n    \r\n    // Content & Image //\r\n        \r\n    \r\n    .text-next-image {\r\n        &.text-on-right {\r\n            padding-left: 30px;\r\n            @media (max-width: @screen-sm-max) {\r\n                margin-top: 20px;\r\n                padding-left: 15px;\r\n            }\r\n        }\r\n        &.text-on-left {\r\n            padding-right: 30px;\r\n        }\r\n        h2 {\r\n            margin-bottom: 30px;\r\n        }\r\n    }\r\n    \r\n    \r\n    // Blocks widget //\r\n    \r\n    .blocks-headline {\r\n        margin-bottom: 30px;\r\n    }\r\n    \r\n    .blocks { \r\n       [class^=\"col-\"] { \r\n           margin-bottom: 3em; \r\n       }\r\n       @media (max-width: @screen-sm-max) {\r\n            [class^=\"col-\"] { \r\n                margin-bottom: 3em; \r\n            }\r\n        }\r\n        .img-responsive {\r\n            display: inline-block;\r\n        }\r\n    } \r\n            \r\n    \r\n    // Footer //\r\n    \r\n    .footer {\r\n        background: @brand-secondary;\r\n        padding: 0.9em;\r\n        .list-inline {\r\n            a {\r\n                color: white;\r\n                text-decoration: none;\r\n                margin: 0;\r\n                margin-top: 10px;\r\n                letter-spacing: 0.3em;\r\n                text-transform: uppercase;\r\n                font-weight: 500;\r\n                letter-spacing: 0.1em;\r\n            }\r\n            a:hover {\r\n                color: @brand-primary;\r\n            }\r\n            @media (max-width: @screen-xs-max) {\r\n                text-align: center; \r\n            }\r\n        }\r\n        .footer-logo-position {\r\n            text-align: right;\r\n            @media (max-width: @screen-xs-max) {\r\n                text-align: -webkit-center;\r\n            }\r\n        }\r\n        .footer-logo-herzog {\r\n            width: 20px;\r\n            img {\r\n                height: 20px;\r\n            }\r\n            @media (max-width: @screen-xs-max) {\r\n                text-align: center; \r\n            }\r\n        }\r\n    }\r\n    \r\n    // Iconblocks Widget //\r\n    \r\n    .blocks {\r\n        .icon {\r\n            font-size: 70px;\r\n        }\r\n    }\r\n    \r\n    \r\n    // Anchor widget //\r\n    \r\n    .anchor-widget {\r\n        padding-top: 30px;\r\n        @media (max-width: @screen-xs-max) {\r\n            padding: 50px 0 0 0;\r\n        }\r\n    }\r\n    \r\n    \r\n    // Social Media Widget //\r\n    .social-media-list {\r\n        img {\r\n            height: 40px;\r\n            margin: 20px;\r\n            &:hover {\r\n                transition: all 0.15s ease-in-out;\r\n                transform: scale(1.5, 1.5);\r\n            }\r\n        }\r\n    }\r\n    \r\n    \r\n    // phone special //\r\n    @media (max-width: 400px) {\r\n        .list-inline {\r\n            margin-bottom: 10px;\r\n        }\r\n        .widget-content {\r\n            padding: 7vw 0;\r\n        }\r\n    }\r\n\r\n}\r\n\r\n\r\n\r\n\r\n');
INSERT INTO `app_less` VALUES (21,'default_forms','label {\r\n    font-weight: 300;\r\n    margin-bottom: 0px;\r\n    margin-top: 8px;\r\n}\r\n\r\n.form-control {\r\n    border: none;\r\n    border-bottom: 1px solid @brand-dark;\r\n    border-radius: 0;\r\n    font-size: 17px;\r\n    padding: 0px;\r\n    box-shadow: none;\r\n    transition: none;\r\n}\r\n\r\n.selectize-input {\r\n    border: none;\r\n}\r\n\r\n.error-summary {\r\n    color: white;\r\n    background: @brand-warning;\r\n    padding: 20px;\r\n}\r\n\r\n \r\n\r\n.contact-form {\r\n    margin-bottom: 50px;\r\n    \r\n    .well {\r\n        background-color: transparent;\r\n        color: @brand-dark;\r\n        border: 0;\r\n        box-shadow: none;\r\n        margin-bottom: 10px;\r\n        \r\n        .form-group {\r\n            margin-bottom: 20px;\r\n        }\r\n   }\r\n    \r\n}');
INSERT INTO `app_less` VALUES (22,'default_variables','// FONTS & ICONS //\r\n\r\n\r\n@font-family-sans-serif: \'Source Sans Pro\', \'sans-serif\';\r\n// Icons\r\n@icon-font-path: \'//maxcdn.bootstrapcdn.com/bootstrap/3.3.7/fonts/\';\r\n@font-size-base: 18px;\r\n@headings-font-weight: 300;\r\n\r\n// COLORS //\r\n@brand-primary: #1abc9c; // mint\r\n@brand-secondary: #547077; // blue-grey\r\n@brand-dark: #333333; // dark-grey\r\n\r\n@navbar-default-bg: rgba(0, 0, 0, 0.75);\r\n@navbar-border-radius: 0px;\r\n@navbar-margin-bottom: 0px;\r\n@navbar-default-link-hover-color: @brand-primary;\r\n\r\n@border-radius-base: 0;\r\n\r\n');
INSERT INTO `app_less` VALUES (23,'default_ios','// iOS Special //\r\n@media only screen \r\nand (min-device-width : 768px) \r\nand (max-device-width : 1024px)  {\r\n    .separator-image {\r\n        div#parallax {\r\n            background-attachment: scroll;\r\n        }\r\n    }\r\n    .header-image {\r\n        &.header-fixed {\r\n            background-attachment: scroll;\r\n        }\r\n    }\r\n}\r\n\r\n@media only screen \r\nand (min-device-width : 768px) \r\nand (max-device-width : 1024px)\r\nand (-webkit-min-device-pixel-ratio: 2) {\r\n    .separator-image {\r\n        div#parallax {\r\n            background-attachment: scroll;\r\n        }\r\n    }\r\n    .header-image {\r\n        &.header-fixed {\r\n            background-attachment: scroll;\r\n        }\r\n    }\r\n}\r\n\r\n@media only screen \r\nand (min-device-width : 768px) \r\nand (max-device-width : 1024px) \r\nand (-webkit-min-device-pixel-ratio: 1){\r\n    .separator-image {\r\n        div#parallax {\r\n            background-attachment: scroll;\r\n        }\r\n    }\r\n    .header-image {\r\n        &.header-fixed {\r\n            background-attachment: scroll;\r\n        }\r\n    }\r\n}');
INSERT INTO `app_less` VALUES (24,'default_error-page','// SITE 404 ERROR MESSAGE //\r\n\r\n.site-error {\r\n    text-align: center;\r\n    margin-bottom: 100px;\r\n\r\n    .text-danger, .text-danger:hover {\r\n        color: @brand-primary;\r\n        text-align: center;\r\n        margin-top: 100px;\r\n        margin-bottom: 100px;\r\n        text-transform: lowercase;\r\n    }\r\n}');
/*!40000 ALTER TABLE `app_less` ENABLE KEYS */;
UNLOCK TABLES;
commit;

--
-- Dumping data for table `app_settings`
--

LOCK TABLES `app_settings` WRITE; TRUNCATE TABLE `app_settings`;
/*!40000 ALTER TABLE `app_settings` DISABLE KEYS */;
set autocommit=0;
INSERT INTO `app_settings` VALUES (1,'string','pages','availableGlobalRoutes','/backend/default/index\r\n/backend/default/view-config\r\n/backend/default/show-auth\r\n/settings/default\r\n/help\r\n/guide\r\n/pages/default\r\n/moxiemanager/default\r\n/crud\r\n/filefly\r\n/filefly/test\r\n/prototype\r\n/prototype/html\r\n/prototype/less\r\n/prototype/twig\r\n/widgets\r\n/widgets/crud/widget\r\n/widgets/crud/widget-template\r\n/translatemanager/language\r\n/user/admin\r\n/rbac/role\r\n/rbac/permission\r\n/redirects\r\n/resque\r\n/audit\r\n/user/settings\r\n/user/profile',1,'2016-05-13 22:27:14','2017-03-06 07:06:41');
INSERT INTO `app_settings` VALUES (2,'string','pages','availableRoutes','/pages/default/page\r\n/contact/default/index',1,'2016-05-15 22:09:50','2017-06-19 14:43:27');
INSERT INTO `app_settings` VALUES (3,'string','app.assets','registerPrototypeAssetKey','default',1,'2016-05-25 14:50:40','2017-10-25 15:28:19');
INSERT INTO `app_settings` VALUES (4,'object','widgets','availablePhpClasses','{\"hrzg\\\\widget\\\\widgets\\\\TwigTemplate\": \"Twig layout\"}',1,'2016-05-25 23:14:09','2017-03-08 14:37:28');
INSERT INTO `app_settings` VALUES (8,'string','pages','availableViews','@vendor/dmstr/yii2-widgets2-module/src/views/test/single.twig\r\n@vendor/dmstr/yii2-prototype-module/src/views/render/twig.php\r\n',1,'2016-07-20 02:38:22','2017-06-19 12:16:17');
INSERT INTO `app_settings` VALUES (13,'string','backend.adminlte','skin','black',1,'2016-12-23 03:14:03','2017-10-25 12:18:41');
INSERT INTO `app_settings` VALUES (14,'string','app.seo.keywords','/de/site/index','keyword, number 1, test 1, test 2',1,'2016-12-26 13:20:05','2017-03-07 14:24:22');
INSERT INTO `app_settings` VALUES (15,'boolean','app.layout','enableTwigNavbar','1',1,'2017-02-21 06:48:15','2017-06-19 11:43:03');
INSERT INTO `app_settings` VALUES (18,'string','app.seo.descriptions','/de/site/index','hallo dies ist ein test',1,'2017-03-07 14:25:21','2017-03-07 14:46:21');
INSERT INTO `app_settings` VALUES (19,'object','contact','contact.schema','{\r\n\"title\": \" \",\r\n\"type\": \"object\",\r\n\"format\": \"grid\",\r\n\"required\": [ \r\n     \"email\"\r\n     ],\r\n\"properties\": {\r\n\"surname\": {\r\n\"type\": \"string\",\r\n\"title\": \"Vorname *\",\r\n\"propertyOrder\": 10,\r\n\"minLength\": 1,\r\n\"options\": {\r\n\"grid_columns\": 6\r\n}\r\n},\r\n\"lastname\": {\r\n\"type\": \"string\",\r\n\"title\": \"Nachname *\",\r\n\"minLength\": 1,\r\n\"propertyOrder\": 20,\r\n\"options\": {\r\n\"grid_columns\": 6\r\n}\r\n},\r\n\"street\": {\r\n\"type\": \"string\",\r\n\"title\": \"Straße\",\r\n\"propertyOrder\": 30,\r\n\"options\": {\r\n\"grid_columns\":  4\r\n}\r\n},\r\n\"number\": {\r\n\"type\": \"string\",\r\n\"title\": \"Hausnr.\",\r\n\"propertyOrder\": 40,\r\n\"options\": {\r\n\"grid_columns\": 2\r\n}\r\n},\r\n\"zip\": {\r\n\"type\": \"string\",\r\n\"title\": \"PLZ\",\r\n\"propertyOrder\": 50,\r\n\"options\": {\r\n\"grid_columns\": 2\r\n}\r\n},\r\n\r\n\"city\": {\r\n\"type\": \"string\",\r\n\"title\": \"Stadt\",\r\n\"propertyOrder\": 60,\r\n\"options\": {\r\n\"grid_columns\": 4\r\n}\r\n},\r\n\"phone\": {\r\n\"type\": \"string\",\r\n\"title\": \"Telefon\",\r\n\"format\": \"tel\",\r\n\"propertyOrder\": 70,\r\n\"options\": {\r\n\"grid_columns\": 6\r\n}\r\n},\r\n\"email\": {\r\n\"type\": \"string\",\r\n\"format\": \"email\",\r\n\"title\": \"E-Mail *\",\r\n\"propertyOrder\": 80,\r\n\"options\": {\r\n\"grid_columns\": 6\r\n}\r\n},\r\n\"message\": {\r\n\"type\": \"string\",\r\n\"title\": \"Nachricht *\",\r\n\"format\":\"textarea\",\r\n\"minLength\": 10,\r\n\"propertyOrder\": 90,\r\n\"options\": {\r\n\"grid_columns\": 12\r\n}\r\n}\r\n}\r\n}',1,'2017-06-19 12:17:12','2017-10-20 11:54:09');
INSERT INTO `app_settings` VALUES (20,'string','contact','contact.confirmMail','Ihre Bestätigungsmail...',1,'2017-06-19 12:17:45',NULL);
INSERT INTO `app_settings` VALUES (21,'string','contact','contact.fromEmail','example@h17n.de',1,'2017-06-19 12:18:28',NULL);
INSERT INTO `app_settings` VALUES (22,'string','contact','contact.subject','Kontaktanfrage',1,'2017-06-19 12:19:06','2017-10-20 14:02:50');
INSERT INTO `app_settings` VALUES (23,'string','contact','contact.toEmail','example@h17n.de',1,'2017-06-19 12:20:02',NULL);
INSERT INTO `app_settings` VALUES (24,'string','app.assets','settingsAssetList','dmstr\\modules\\prototype\\assets\\DbAsset\r\nrmrevin\\yii\\fontawesome\\AssetBundle',1,'2017-10-24 14:26:48','2017-10-25 04:50:08');
/*!40000 ALTER TABLE `app_settings` ENABLE KEYS */;
UNLOCK TABLES;
commit;

--
-- Dumping data for table `app_twig`
--

LOCK TABLES `app_twig` WRITE; TRUNCATE TABLE `app_twig`;
/*!40000 ALTER TABLE `app_twig` DISABLE KEYS */;
set autocommit=0;
INSERT INTO `app_twig` VALUES (4,'de/pages/default/page/1004','{{ use (\'hrzg/widget/widgets\') }}\r\n{{ cell_widget({id: \'top\'}) }}\r\n{{ cell_widget({id: \'main\'}) }}\r\n{{ cell_widget({id: \'bottom\'}) }}');
INSERT INTO `app_twig` VALUES (7,'de/site/index','{{ use (\'hrzg/widget/widgets\') }}\r\n{{ cell_widget({id: \'top\'}) }}\r\n{{ cell_widget({id: \'main\'}) }}\r\n{{ cell_widget({id: \'bottom\'}) }}');
INSERT INTO `app_twig` VALUES (12,'en/site/index','{{ use (\'hrzg/widget/widgets\') }}\r\n{{ cell_widget({id: \'top\'}) }}\r\n{{ cell_widget({id: \'main\'}) }}\r\n{{ cell_widget({id: \'bottom\'}) }}');
INSERT INTO `app_twig` VALUES (22,'backend.extra.content','{{ use (\'yii/bootstrap\') }}\r\n{{ modal_begin(\r\n    {\r\n        \'id\': \'modal-filemanager\',\r\n        \'size\': \'modal-lg\'\r\n    }\r\n) }}\r\n\r\n{{ use (\'hrzg/filemanager/widgets\') }}\r\n{{ file_manager_widget_widget(\r\n    {\r\n        \"handlerUrl\": \"/#{app.language}/filefly/api\"\r\n    }\r\n) }}\r\n\r\n{{ modal_end() }}\r\n');
INSERT INTO `app_twig` VALUES (23,'backend.extra.menuItems','<a type=\"button\" data-toggle=\"modal\" data-target=\"#modal-filemanager\">\r\n  <i class=\"fa fa-folder-open\"></i>\r\n</a>');
INSERT INTO `app_twig` VALUES (26,'_navbar','{# Favicon Link Tags #}\r\n\r\n{{ this.registerLinkTag({\'rel\':\'icon\',\'href\':\'/filefly/api?action=stream&path=%2Fbrand%2Ffavicon%2Ffavicon.ico\'}) }}\r\n{{ this.registerLinkTag({\'rel\':\'apple-touch-icon\',\'size\':\'180x180\',\'href\':\'/filefly/api?action=stream&path=%2Fbrand%2Ffavicon%2Fapple-touch-icon.png\'}) }}\r\n{{ this.registerLinkTag({\'rel\':\'icon\',\'type\':\'image/png\',\'href\':\'/filefly/api?action=stream&path=%2Fbrand%2Ffavicon%2Ffavicon-32x32.png\'}) }}\r\n{{ this.registerLinkTag({\'rel\':\'icon\',\'type\':\'image/png\',\'href\':\'/filefly/api?action=stream&path=%2Fbrand%2Ffavicon%2Ffavicon-16x16.png\'}) }}\r\n{{ this.registerLinkTag({\'rel\':\'manifest\',\'href\':\'/filefly/api?action=stream&path=%2Fbrand%2Ffavicon%2Fmanifest.json\'}) }}\r\n{{ this.registerLinkTag({\'rel\':\'mask-icon\',\'href\':\'/filefly/api?action=stream&path=%2Fbrand%2Ffavicon%2Fsafari-pinned-tab.svg\',\'content\':\'#FFFFFF\'}) }}\r\n{{ this.registerMetaTag({\'name\':\'theme-color\',\'content\':\'#FFFFFF\'}) }}\r\n\r\n\r\n{# Open Graph Tags #}\r\n\r\n{{ this.registerMetaTag({\'property\':\'og:title\',\'content\':\'Website-Titel\'}) }}\r\n{{ this.registerMetaTag({\'property\':\'og:description\',\'content\':\'Content-Description\'}) }}\r\n{{ this.registerMetaTag({\'property\':\'og:url\',\'content\':\'http://www.dmstr.io\'}) }}\r\n{{ this.registerMetaTag({\'property\':\'og:image\',\'content\':\'//www.dmstr.io/de/filefly/api?action=stream&path=%2Fbrand%2Fopengraph%2Ffacebook-img.jpg\'}) }}\r\n{{ this.registerMetaTag({\'property\':\'og:image:width\',\'content\':\'600\'}) }}\r\n{{ this.registerMetaTag({\'property\':\'og:image:height\',\'content\':\'337\'}) }}\r\n{{ this.registerMetaTag({\'property\':\'og:image:type\',\'content\':\'image/jpeg\'}) }}\r\n\r\n\r\n{# Google Analytics Code #}\r\n\r\n{% set trackingCode %}\r\n  (function(i,s,o,g,r,a,m){i[\'GoogleAnalyticsObject\']=r;i[r]=i[r]||function(){\r\n  (i[r].q=i[r].q||[]).push(arguments)},i[r].l=1*new Date();a=s.createElement(o),\r\n  m=s.getElementsByTagName(o)[0];a.async=1;a.src=g;m.parentNode.insertBefore(a,m)\r\n  })(window,document,\'script\',\'https://www.google-analytics.com/analytics.js\',\'ga\');\r\n\r\n  ga(\'create\', \'UA-XXXXXXXX-X\', \'auto\');\r\n  ga(\'send\', \'pageview\');\r\n{% endset %}\r\n\r\n{{ this.registerJs(trackingCode) }}\r\n\r\n\r\n{# Cookie Consent #}\r\n\r\n{{ use(\'cinghie/cookieconsent/widgets\') }}\r\n{{ cookie_widget_widget() }}\r\n\r\n\r\n{# Navbar #}\r\n\r\n{{ use(\'dmstr/modules/pages/models\') }}\r\n{{ use(\'yii/helpers\') }}\r\n{{ use(\'rmrevin/yii/fontawesome\') }}\r\n\r\n{% set contextItems = app.params[\'context.menuItems\'] %}\r\n{% set frontendItems = Tree.getMenuItems(\'root\', true) %}\r\n{% set backendItems = Tree.getMenuItems(\'backend\', true) %}\r\n\r\n\r\n{{ use(\'yii/bootstrap\') }}\r\n\r\n{{ nav_bar_begin({\r\n    \'brandLabel\': \'Brand\',\r\n    \'options\': {\r\n        \'class\': \'navbar navbar-default navbar-fixed-top\',\r\n    }\r\n}) }}\r\n\r\n    {{ nav_widget({\r\n        \'options\': {\r\n            \'class\': \'navbar-nav navbar-right\',\r\n        },\r\n        \'items\': [\r\n            {\r\n                \'label\': \'Logout\',\r\n                \'url\': [\'/user/security/logout\'],\r\n                \'linkOptions\': {\'data-method\':\'post\'},\r\n                \'visible\': (app.user.isGuest == false)\r\n            }\r\n        ]\r\n    }) }}    \r\n        \r\n    {{ nav_widget({\r\n        \'options\': {\r\n            \'class\': \'navbar-nav navbar-right\',\r\n        },\r\n        \'items\': frontendItems\r\n    }) }}\r\n\r\n{{ nav_bar_end() }}\r\n\r\n');
INSERT INTO `app_twig` VALUES (27,'frontend.extra.menuItems','{{ use (\'dmstr/cookiebutton\') }}\r\n{{ cookie_button_widget(\r\n {\r\n    \'label\': \'<i class=\"fa fa-eye-slash\"></i>\',\r\n    \'encodeLabel\': false,\r\n    \'cookieName\': \'hrzg-widget_view-mode\',\r\n    \'cookieValue\': \'on\',\r\n    \'cookieOptions\': {\r\n        \'path\': \'/\',\r\n        \'http\': true,\r\n        \'expires\': 7\r\n    },\r\n    \'options\': {\r\n        \'class\': \'btn-xs btn-default\',\r\n    }\r\n }\r\n) }}\r\n');
INSERT INTO `app_twig` VALUES (29,'contact:contact','{{ use(\'beowulfenator/JsonEditor\') }}\r\n{{ use (\'hrzg/widget/widgets\') }}\r\n{{ cell_widget({id: \'top\'}) }}\r\n{{ cell_widget({id: \'first_top\'}) }}\r\n{{ cell_widget({id: \'first_form\'}) }}\r\n\r\n<script src=\"https://use.typekit.net/mmi4enh.js\"></script>\r\n<script>try{Typekit.load({ async: true });}catch(e){}</script>\r\n\r\n<div class=\"container\">\r\n    <div class=\"row\">\r\n        <div class=\"col-md-12\">\r\n            <div class=\"contact-form\">\r\n            \r\n            <p class=\"info-p\"><p>\r\n            \r\n            {% if success %}\r\n            \r\n                <div class=\"alert alert-success\">\r\n                    Your message has been sent. Thank you!\r\n                </div>\r\n            \r\n            {% else %}\r\n            \r\n                {{ use(\'yii/widgets/ActiveForm\') }}    \r\n                {% set form = active_form_begin({\r\n                    \'id\': \'contact-form\',\r\n                    \'action\' : \'\',\r\n                    \'options\': {\r\n                    }\r\n                }) %}\r\n            \r\n            {% set script %}\r\n            JSONEditor.defaults.language = \"de\";\r\n            JSONEditor.defaults.languages.de = {\r\n              error_minLength: \"Muss mindestens \\{\\{0\\}\\} Zeichen enthalten\",\r\n              error_notset: \"Muss gesetzt sein\",\r\n              error_notempty: \"Pflichtfeld\"\r\n            };\r\n            {% endset %}\r\n            {{ this.registerJs(script) }}\r\n\r\n                {{ form.errorSummary(model) | raw }}\r\n                {{ this.registerJs(\'JSONEditor.plugins.selectize.enable = true;\') }}\r\n                \r\n        \r\n                {{ json_editor_widget_widget(\r\n                    {\r\n                        \'model\': model,\r\n                        \'attribute\': \'json\',\r\n                        \'options\': {\r\n                            \'id\': \'contact-json\'\r\n                        },\r\n                        \'clientOptions\': {\r\n                            \'theme\': \'bootstrap3\',\r\n                            \'disable_collapse\': true,\r\n                            \'disable_edit_json\': true,\r\n                            \'disable_properties\': true,\r\n                            \'no_additional_properties\': true,\r\n                            \'show_errors\': \'interaction\'\r\n                        },\r\n                        \'schema\': schema,\r\n                    }\r\n                ) }}   \r\n            \r\n                {{ html.submitButton(\'Senden\', {\r\n                    \'class\': \'btn btn-primary btn-white\',\r\n                }) | raw }}\r\n                       \r\n        \r\n                \r\n            {{ active_form_end() }}\r\n            \r\n            {% endif %}\r\n            \r\n            </div>\r\n        </div>\r\n    </div>\r\n</div>\r\n\r\n{{ cell_widget({id: \'first_main\'}) }}\r\n\r\n');
INSERT INTO `app_twig` VALUES (30,'contact:contact:send','{{ use (\'hrzg/widget/widgets\') }}\r\n{{ cell_widget({id: \'first_send_top\'}) }}\r\n{{ cell_widget({id: \'first_send_main\'}) }}');
INSERT INTO `app_twig` VALUES (34,'de/filefly/default/index#main-top','<div class=\"box\">\r\n    {{ use (\'hrzg/filemanager/widgets\') }}\r\n    {{ file_manager_widget_widget(\r\n        {\r\n            \"handlerUrl\": \"/#{app.language}/filefly/api\"\r\n        }\r\n    ) }}\r\n</div>');
INSERT INTO `app_twig` VALUES (35,'en/filefly/default/index#main-top','<div class=\"box\">\r\n{{ use (\'hrzg/filemanager/widgets\') }}\r\n{{ file_manager_widget_widget(\r\n    {\r\n        \"handlerUrl\": \"/#{app.language}/filefly/api\"\r\n    }\r\n) }}\r\n</div>');
INSERT INTO `app_twig` VALUES (37,'de/pages/default/page/1057','{{ use (\'hrzg/widget/widgets\') }}\r\n{{ cell_widget({id: \'top\'}) }}\r\n{{ cell_widget({id: \'main\'}) }}\r\n{{ cell_widget({id: \'bottom\'}) }}');
INSERT INTO `app_twig` VALUES (38,'de/pages/default/page/1058','{{ use (\'hrzg/widget/widgets\') }}\r\n{{ cell_widget({id: \'top\'}) }}\r\n{{ cell_widget({id: \'main\'}) }}\r\n{{ cell_widget({id: \'bottom\'}) }}');
INSERT INTO `app_twig` VALUES (39,'de/prototype/less/update#main-bottom','<a href=\"https://github.com/twbs/bootstrap/tree/v3-dev/less\" target=\"_blank\">Bootstrap 3 variables</a>');
/*!40000 ALTER TABLE `app_twig` ENABLE KEYS */;
UNLOCK TABLES;
commit;

--
-- Dumping data for table `dmstr_page`
--

LOCK TABLES `dmstr_page` WRITE; TRUNCATE TABLE `dmstr_page`;
/*!40000 ALTER TABLE `dmstr_page` DISABLE KEYS */;
set autocommit=0;
INSERT INTO `dmstr_page` VALUES (101,1000,2,3,1,'','Page Tree','pages',NULL,'/pages/default','','','','{}',NULL,'*','*','*','*','pagelines',1,1,0,0,0,1,0,1,1,1,1,1,0,'2016-05-13 11:16:16','2017-01-30 09:45:52');
INSERT INTO `dmstr_page` VALUES (102,1000,17,18,2,'','LESS Themes','prototype-less',NULL,'/prototype/less','','','','{}',NULL,'*','*','*','*','pencil-square',1,1,0,0,0,1,0,1,1,1,1,1,0,'2016-05-15 18:51:34','2016-09-30 03:18:36');
INSERT INTO `dmstr_page` VALUES (104,1000,9,10,2,'','Translations','translatemanager',NULL,'/translatemanager/language','','','','{}',NULL,'*','*','*','*','globe',1,1,0,0,0,1,0,1,1,1,1,1,0,'2016-05-15 18:16:16','2016-05-16 09:44:40');
INSERT INTO `dmstr_page` VALUES (105,1000,20,21,1,'','Users','user',NULL,'/user/admin','','','','{}',NULL,'*','*','*','*','users',1,1,0,0,0,1,0,1,1,1,1,1,0,'2016-05-15 18:16:16','2017-10-25 06:28:44');
INSERT INTO `dmstr_page` VALUES (107,1000,15,16,2,'','Twig Layouts','twig',NULL,'/prototype/twig','','','','{}',NULL,'*','*','*','*','newspaper-o',1,1,0,0,0,1,0,1,1,1,1,1,0,'2016-05-16 00:34:43','2016-09-30 03:18:27');
INSERT INTO `dmstr_page` VALUES (108,1000,23,24,2,'','Settings','settings',NULL,'/settings/default','','','','{\"sort\":\"section\"}',NULL,'*','*','*','*','cog',1,1,0,0,0,1,0,1,1,1,1,1,0,'2016-05-13 11:16:14','2017-02-08 11:16:07');
INSERT INTO `dmstr_page` VALUES (110,1000,29,30,2,'','Jobs','jobs',NULL,'/resque','','','','{}',NULL,'*','*','*','*','play-circle',1,1,0,0,0,1,0,1,1,1,1,1,0,'2016-05-16 09:54:07','2016-12-23 00:17:01');
INSERT INTO `dmstr_page` VALUES (111,1000,27,28,2,'','Redirects','redirects',NULL,'/redirects','','','','{}',NULL,'*','*','*','*','arrows-alt',1,1,0,0,0,1,0,1,1,1,1,1,0,'2016-05-16 09:52:36','2016-05-16 09:52:36');
INSERT INTO `dmstr_page` VALUES (112,1000,7,8,2,'','Widget Content','widgets-content',NULL,'/widgets/crud/widget','','','','{}',NULL,'*','*','*','*','file-text',1,1,0,0,0,1,0,1,1,1,1,1,0,'2016-05-25 20:34:20','2017-02-01 10:05:14');
INSERT INTO `dmstr_page` VALUES (113,1000,13,14,2,'','Widget Templates','widget-templates',NULL,'/widgets/crud/widget-template','','','','{}',NULL,'*','*','*','*','file-code-o',1,1,0,0,0,1,0,1,1,1,1,1,0,'2016-05-25 20:35:04','2017-03-08 23:45:14');
INSERT INTO `dmstr_page` VALUES (114,1000,31,32,2,'','Audit','audit',NULL,'/audit','','','','{}',NULL,'*','*','*','*','search-plus',1,1,0,0,0,1,0,1,1,1,1,1,0,'2016-05-16 09:51:22','2016-05-16 09:51:22');
INSERT INTO `dmstr_page` VALUES (115,1000,4,5,1,'','Media Files','moxiemanager',NULL,'/filefly','','','','{}',NULL,'*','*','*','*','image',1,1,0,0,0,1,0,1,1,1,1,1,0,'2016-05-25 22:29:42','2017-10-16 07:41:18');
INSERT INTO `dmstr_page` VALUES (147,1000,6,11,1,'','CMS','cms',NULL,'','','','','{}',NULL,'*','*','*','*','briefcase',1,1,0,0,0,1,0,1,1,1,1,1,0,'2016-12-22 23:22:25','2017-01-30 16:07:09');
INSERT INTO `dmstr_page` VALUES (148,1000,22,35,1,'','System','system',NULL,'','','','','{}',NULL,'*','*','*','*','cogs',1,1,0,0,0,1,0,1,1,1,1,1,0,'2016-12-22 23:34:27','2016-12-23 02:36:14');
INSERT INTO `dmstr_page` VALUES (149,1000,25,26,2,'','Configuration','configuration',NULL,'/backend/default/view-config','','','','{}',NULL,'*','*','*','*','suitcase',1,1,0,0,0,1,0,1,1,1,1,1,0,'2016-12-22 23:45:18','2016-12-22 23:45:18');
INSERT INTO `dmstr_page` VALUES (150,1000,12,19,1,'','Frontend Developer','developer-tools',NULL,'','','','','{}',NULL,'*','*','*','*','code',1,1,0,0,0,1,0,1,1,1,1,1,0,'2017-01-30 09:34:08','2017-01-30 09:34:45');
INSERT INTO `dmstr_page` VALUES (1000,1000,1,36,0,'','Backend','backend',NULL,'/backend','','','','{}',NULL,'*','*','*','*','',1,1,0,0,0,1,1,1,1,1,1,1,0,'2016-05-15 18:16:16','2016-05-13 11:09:59');
INSERT INTO `dmstr_page` VALUES (1003,1003,1,12,0,'_ROOT_CONTAINER_','Frontend','root',NULL,'','','_FOLDER','This is not a real page, just a container for the navigation.','{}',NULL,'de','*','*','*','',1,1,0,0,0,1,0,1,1,1,1,1,0,'2016-05-15 22:54:23','2017-01-31 18:28:41');
INSERT INTO `dmstr_page` VALUES (1044,1044,1,4,0,'','root_ru','root',NULL,'','','','','{}',NULL,'ru','*','*','*','',1,1,0,0,0,1,0,1,1,1,1,1,0,'2016-11-08 15:09:28','2016-11-08 15:09:28');
INSERT INTO `dmstr_page` VALUES (1054,1000,33,34,2,'','Authorizations','58bd0aa4a8b58',NULL,'/backend/default/show-auth','','','','{}',NULL,'*','*','*','*','certificate',1,1,0,0,0,1,0,1,1,1,1,1,0,'2017-03-06 07:07:16','2017-03-09 00:51:35');
INSERT INTO `dmstr_page` VALUES (1055,1003,10,11,1,'Kontakt','Kontakt','5947c1c949960',NULL,'/contact/default/index','','Kontakt, Kontaktformular, Anfrage, Adresse, Ansprechpartner, Telefon, Mail','','{\"schema\":\"contact\"}',1,'de','*','*','*','',1,1,0,0,0,1,0,1,1,1,1,1,0,'2017-06-19 12:21:29','2017-10-20 14:05:51');
INSERT INTO `dmstr_page` VALUES (1056,1056,1,6,0,'','Hidden Pages','5947d953b601d',NULL,'','','','','{}',1,'de','*','*','*','',1,1,0,0,0,1,0,1,1,1,1,1,0,'2017-06-19 14:01:55','2017-06-19 14:01:55');
INSERT INTO `dmstr_page` VALUES (1057,1056,2,3,1,'Impressum','Impressum','5947d960996e9',NULL,'/pages/default/page','@vendor/dmstr/yii2-prototype-module/src/views/render/twig.php','Impressum, Firma, Unternehmen, Anschrift, Kontaktdaten, herzog kommunikation','','{}',1,'de','*','*','*','',1,1,0,0,0,1,0,1,1,1,1,1,0,'2017-06-19 14:02:08','2017-10-20 14:07:09');
INSERT INTO `dmstr_page` VALUES (1058,1056,4,5,1,'Datenschutz','Datenschutz','5947d96ca2626',NULL,'/pages/default/page','@vendor/dmstr/yii2-prototype-module/src/views/render/twig.php','Datenschutz, AGBs, Cookies, Rechtliches, Haftung','','{}',1,'de','*','*','*','',1,1,0,0,0,1,0,1,1,1,1,1,0,'2017-06-19 14:02:20','2017-10-20 14:07:29');
INSERT INTO `dmstr_page` VALUES (1061,1044,2,3,1,'','пример','59e461e32a7f3',NULL,'/pages/default/page','@vendor/dmstr/yii2-widgets2-module/src/views/test/single.twig','','','{}',1,'ru','*','*','*','',1,1,0,0,0,1,0,1,1,1,1,1,0,'2017-10-16 07:38:11','2017-10-16 07:38:11');
INSERT INTO `dmstr_page` VALUES (1062,1003,4,9,1,'','Beispiele','59ef8c260d4a4',NULL,'','','','','{}',1,'de','*','*','*','',1,1,0,0,0,1,0,1,1,1,1,1,0,'2017-10-24 18:53:26','2017-10-25 07:23:32');
INSERT INTO `dmstr_page` VALUES (1063,1003,5,6,2,'','Video','59ef8c37994ee',NULL,'/pages/default/page','@vendor/dmstr/yii2-widgets2-module/src/views/test/single.twig','','','{}',1,'de','*','*','*','',1,1,0,0,0,1,0,1,1,1,1,1,0,'2017-10-24 18:53:43','2017-10-25 07:22:59');
INSERT INTO `dmstr_page` VALUES (1064,1003,7,8,2,'','Text & Images','59ef8c40bc97a',NULL,'/pages/default/page','@vendor/dmstr/yii2-widgets2-module/src/views/test/single.twig','','','{}',1,'de','*','*','*','',1,1,0,0,0,1,0,1,1,1,1,1,0,'2017-10-24 18:53:52','2017-10-25 07:40:48');
INSERT INTO `dmstr_page` VALUES (1066,1003,2,3,1,'','Seite A','59f03bb72e013',NULL,'/pages/default/page','@vendor/dmstr/yii2-widgets2-module/src/views/test/single.twig','','','{}',3,'de','*','*','*','',1,1,0,0,0,1,0,1,1,1,1,1,0,'2017-10-25 07:22:31','2017-10-25 07:22:31');
/*!40000 ALTER TABLE `dmstr_page` ENABLE KEYS */;
UNLOCK TABLES;
commit;

--
-- Dumping data for table `dmstr_redirect`
--

LOCK TABLES `dmstr_redirect` WRITE; TRUNCATE TABLE `dmstr_redirect`;
/*!40000 ALTER TABLE `dmstr_redirect` DISABLE KEYS */;
set autocommit=0;
/*!40000 ALTER TABLE `dmstr_redirect` ENABLE KEYS */;
UNLOCK TABLES;
commit;
/*!40103 SET TIME_ZONE=@OLD_TIME_ZONE */;

/*!40101 SET SQL_MODE=@OLD_SQL_MODE */;
/*!40014 SET FOREIGN_KEY_CHECKS=@OLD_FOREIGN_KEY_CHECKS */;
/*!40101 SET CHARACTER_SET_CLIENT=@OLD_CHARACTER_SET_CLIENT */;
/*!40101 SET CHARACTER_SET_RESULTS=@OLD_CHARACTER_SET_RESULTS */;
/*!40101 SET COLLATION_CONNECTION=@OLD_COLLATION_CONNECTION */;
/*!40111 SET SQL_NOTES=@OLD_SQL_NOTES */;

-- Dump completed on 2017-10-25 16:38:29